fecha,año,mes_numero,mes_nombre,año_mes,trimestre,año_trimestre,dia,dia_semana,es_fin_de_semana
2025-03-01,2025,3,Marzo,2025-03,T1,2025-T1,1,Sábado,1
2025-03-02,2025,3,Marzo,2025-03,T1,2025-T1,2,Domingo,1
2025-03-03,2025,3,Marzo,2025-03,T1,2025-T1,3,Lunes,0
2025-03-04,2025,3,Marzo,2025-03,T1,2025-T1,4,Martes,0
2025-03-05,2025,3,Marzo,2025-03,T1,2025-T1,5,Miércoles,0
2025-03-06,2025,3,Marzo,2025-03,T1,2025-T1,6,Jueves,0
2025-03-07,2025,3,Marzo,2025-03,T1,2025-T1,7,Viernes,0
2025-03-08,2025,3,Marzo,2025-03,T1,2025-T1,8,Sábado,1
2025-03-09,2025,3,Marzo,2025-03,T1,2025-T1,9,Domingo,1
2025-03-10,2025,3,Marzo,2025-03,T1,2025-T1,10,Lunes,0
2025-03-11,2025,3,Marzo,2025-03,T1,2025-T1,11,Martes,0
2025-03-12,2025,3,Marzo,2025-03,T1,2025-T1,12,Miércoles,0
2025-03-13,2025,3,Marzo,2025-03,T1,2025-T1,13,Jueves,0
2025-03-14,2025,3,Marzo,2025-03,T1,2025-T1,14,Viernes,0
2025-03-15,2025,3,Marzo,2025-03,T1,2025-T1,15,Sábado,1
2025-03-16,2025,3,Marzo,2025-03,T1,2025-T1,16,Domingo,1
2025-03-17,2025,3,Marzo,2025-03,T1,2025-T1,17,Lunes,0
2025-03-18,2025,3,Marzo,2025-03,T1,2025-T1,18,Martes,0
2025-03-19,2025,3,Marzo,2025-03,T1,2025-T1,19,Miércoles,0
2025-03-20,2025,3,Marzo,2025-03,T1,2025-T1,20,Jueves,0
2025-03-21,2025,3,Marzo,2025-03,T1,2025-T1,21,Viernes,0
2025-03-22,2025,3,Marzo,2025-03,T1,2025-T1,22,Sábado,1
2025-03-23,2025,3,Marzo,2025-03,T1,2025-T1,23,Domingo,1
2025-03-24,2025,3,Marzo,2025-03,T1,2025-T1,24,Lunes,0
2025-03-25,2025,3,Marzo,2025-03,T1,2025-T1,25,Martes,0
2025-03-26,2025,3,Marzo,2025-03,T1,2025-T1,26,Miércoles,0
2025-03-27,2025,3,Marzo,2025-03,T1,2025-T1,27,Jueves,0
2025-03-28,2025,3,Marzo,2025-03,T1,2025-T1,28,Viernes,0
2025-03-29,2025,3,Marzo,2025-03,T1,2025-T1,29,Sábado,1
2025-03-30,2025,3,Marzo,2025-03,T1,2025-T1,30,Domingo,1
2025-03-31,2025,3,Marzo,2025-03,T1,2025-T1,31,Lunes,0
2025-04-01,2025,4,Abril,2025-04,T2,2025-T2,1,Martes,0
2025-04-02,2025,4,Abril,2025-04,T2,2025-T2,2,Miércoles,0
2025-04-03,2025,4,Abril,2025-04,T2,2025-T2,3,Jueves,0
2025-04-04,2025,4,Abril,2025-04,T2,2025-T2,4,Viernes,0
2025-04-05,2025,4,Abril,2025-04,T2,2025-T2,5,Sábado,1
2025-04-06,2025,4,Abril,2025-04,T2,2025-T2,6,Domingo,1
2025-04-07,2025,4,Abril,2025-04,T2,2025-T2,7,Lunes,0
2025-04-08,2025,4,Abril,2025-04,T2,2025-T2,8,Martes,0
2025-04-09,2025,4,Abril,2025-04,T2,2025-T2,9,Miércoles,0
2025-04-10,2025,4,Abril,2025-04,T2,2025-T2,10,Jueves,0
2025-04-11,2025,4,Abril,2025-04,T2,2025-T2,11,Viernes,0
2025-04-12,2025,4,Abril,2025-04,T2,2025-T2,12,Sábado,1
2025-04-13,2025,4,Abril,2025-04,T2,2025-T2,13,Domingo,1
2025-04-14,2025,4,Abril,2025-04,T2,2025-T2,14,Lunes,0
2025-04-15,2025,4,Abril,2025-04,T2,2025-T2,15,Martes,0
2025-04-16,2025,4,Abril,2025-04,T2,2025-T2,16,Miércoles,0
2025-04-17,2025,4,Abril,2025-04,T2,2025-T2,17,Jueves,0
2025-04-18,2025,4,Abril,2025-04,T2,2025-T2,18,Viernes,0
2025-04-19,2025,4,Abril,2025-04,T2,2025-T2,19,Sábado,1
2025-04-20,2025,4,Abril,2025-04,T2,2025-T2,20,Domingo,1
2025-04-21,2025,4,Abril,2025-04,T2,2025-T2,21,Lunes,0
2025-04-22,2025,4,Abril,2025-04,T2,2025-T2,22,Martes,0
2025-04-23,2025,4,Abril,2025-04,T2,2025-T2,23,Miércoles,0
2025-04-24,2025,4,Abril,2025-04,T2,2025-T2,24,Jueves,0
2025-04-25,2025,4,Abril,2025-04,T2,2025-T2,25,Viernes,0
2025-04-26,2025,4,Abril,2025-04,T2,2025-T2,26,Sábado,1
2025-04-27,2025,4,Abril,2025-04,T2,2025-T2,27,Domingo,1
2025-04-28,2025,4,Abril,2025-04,T2,2025-T2,28,Lunes,0
2025-04-29,2025,4,Abril,2025-04,T2,2025-T2,29,Martes,0
2025-04-30,2025,4,Abril,2025-04,T2,2025-T2,30,Miércoles,0
2025-05-01,2025,5,Mayo,2025-05,T2,2025-T2,1,Jueves,0
2025-05-02,2025,5,Mayo,2025-05,T2,2025-T2,2,Viernes,0
2025-05-03,2025,5,Mayo,2025-05,T2,2025-T2,3,Sábado,1
2025-05-04,2025,5,Mayo,2025-05,T2,2025-T2,4,Domingo,1
2025-05-05,2025,5,Mayo,2025-05,T2,2025-T2,5,Lunes,0
2025-05-06,2025,5,Mayo,2025-05,T2,2025-T2,6,Martes,0
2025-05-07,2025,5,Mayo,2025-05,T2,2025-T2,7,Miércoles,0
2025-05-08,2025,5,Mayo,2025-05,T2,2025-T2,8,Jueves,0
2025-05-09,2025,5,Mayo,2025-05,T2,2025-T2,9,Viernes,0
2025-05-10,2025,5,Mayo,2025-05,T2,2025-T2,10,Sábado,1
2025-05-11,2025,5,Mayo,2025-05,T2,2025-T2,11,Domingo,1
2025-05-12,2025,5,Mayo,2025-05,T2,2025-T2,12,Lunes,0
2025-05-13,2025,5,Mayo,2025-05,T2,2025-T2,13,Martes,0
2025-05-14,2025,5,Mayo,2025-05,T2,2025-T2,14,Miércoles,0
2025-05-15,2025,5,Mayo,2025-05,T2,2025-T2,15,Jueves,0
2025-05-16,2025,5,Mayo,2025-05,T2,2025-T2,16,Viernes,0
2025-05-17,2025,5,Mayo,2025-05,T2,2025-T2,17,Sábado,1
2025-05-18,2025,5,Mayo,2025-05,T2,2025-T2,18,Domingo,1
2025-05-19,2025,5,Mayo,2025-05,T2,2025-T2,19,Lunes,0
2025-05-20,2025,5,Mayo,2025-05,T2,2025-T2,20,Martes,0
2025-05-21,2025,5,Mayo,2025-05,T2,2025-T2,21,Miércoles,0
2025-05-22,2025,5,Mayo,2025-05,T2,2025-T2,22,Jueves,0
2025-05-23,2025,5,Mayo,2025-05,T2,2025-T2,23,Viernes,0
2025-05-24,2025,5,Mayo,2025-05,T2,2025-T2,24,Sábado,1
2025-05-25,2025,5,Mayo,2025-05,T2,2025-T2,25,Domingo,1
2025-05-26,2025,5,Mayo,2025-05,T2,2025-T2,26,Lunes,0
2025-05-27,2025,5,Mayo,2025-05,T2,2025-T2,27,Martes,0
2025-05-28,2025,5,Mayo,2025-05,T2,2025-T2,28,Miércoles,0
2025-05-29,2025,5,Mayo,2025-05,T2,2025-T2,29,Jueves,0
2025-05-30,2025,5,Mayo,2025-05,T2,2025-T2,30,Viernes,0
2025-05-31,2025,5,Mayo,2025-05,T2,2025-T2,31,Sábado,1
2025-06-01,2025,6,Junio,2025-06,T2,2025-T2,1,Domingo,1
2025-06-02,2025,6,Junio,2025-06,T2,2025-T2,2,Lunes,0
2025-06-03,2025,6,Junio,2025-06,T2,2025-T2,3,Martes,0
2025-06-04,2025,6,Junio,2025-06,T2,2025-T2,4,Miércoles,0
2025-06-05,2025,6,Junio,2025-06,T2,2025-T2,5,Jueves,0
2025-06-06,2025,6,Junio,2025-06,T2,2025-T2,6,Viernes,0
2025-06-07,2025,6,Junio,2025-06,T2,2025-T2,7,Sábado,1
2025-06-08,2025,6,Junio,2025-06,T2,2025-T2,8,Domingo,1
2025-06-09,2025,6,Junio,2025-06,T2,2025-T2,9,Lunes,0
2025-06-10,2025,6,Junio,2025-06,T2,2025-T2,10,Martes,0
2025-06-11,2025,6,Junio,2025-06,T2,2025-T2,11,Miércoles,0
2025-06-12,2025,6,Junio,2025-06,T2,2025-T2,12,Jueves,0
2025-06-13,2025,6,Junio,2025-06,T2,2025-T2,13,Viernes,0
2025-06-14,2025,6,Junio,2025-06,T2,2025-T2,14,Sábado,1
2025-06-15,2025,6,Junio,2025-06,T2,2025-T2,15,Domingo,1
2025-06-16,2025,6,Junio,2025-06,T2,2025-T2,16,Lunes,0
2025-06-17,2025,6,Junio,2025-06,T2,2025-T2,17,Martes,0
2025-06-18,2025,6,Junio,2025-06,T2,2025-T2,18,Miércoles,0
2025-06-19,2025,6,Junio,2025-06,T2,2025-T2,19,Jueves,0
2025-06-20,2025,6,Junio,2025-06,T2,2025-T2,20,Viernes,0
2025-06-21,2025,6,Junio,2025-06,T2,2025-T2,21,Sábado,1
2025-06-22,2025,6,Junio,2025-06,T2,2025-T2,22,Domingo,1
2025-06-23,2025,6,Junio,2025-06,T2,2025-T2,23,Lunes,0
2025-06-24,2025,6,Junio,2025-06,T2,2025-T2,24,Martes,0
2025-06-25,2025,6,Junio,2025-06,T2,2025-T2,25,Miércoles,0
2025-06-26,2025,6,Junio,2025-06,T2,2025-T2,26,Jueves,0
2025-06-27,2025,6,Junio,2025-06,T2,2025-T2,27,Viernes,0
2025-06-28,2025,6,Junio,2025-06,T2,2025-T2,28,Sábado,1
2025-06-29,2025,6,Junio,2025-06,T2,2025-T2,29,Domingo,1
2025-06-30,2025,6,Junio,2025-06,T2,2025-T2,30,Lunes,0
2025-07-01,2025,7,Julio,2025-07,T3,2025-T3,1,Martes,0
2025-07-02,2025,7,Julio,2025-07,T3,2025-T3,2,Miércoles,0
2025-07-03,2025,7,Julio,2025-07,T3,2025-T3,3,Jueves,0
2025-07-04,2025,7,Julio,2025-07,T3,2025-T3,4,Viernes,0
2025-07-05,2025,7,Julio,2025-07,T3,2025-T3,5,Sábado,1
2025-07-06,2025,7,Julio,2025-07,T3,2025-T3,6,Domingo,1
2025-07-07,2025,7,Julio,2025-07,T3,2025-T3,7,Lunes,0
2025-07-08,2025,7,Julio,2025-07,T3,2025-T3,8,Martes,0
2025-07-09,2025,7,Julio,2025-07,T3,2025-T3,9,Miércoles,0
2025-07-10,2025,7,Julio,2025-07,T3,2025-T3,10,Jueves,0
2025-07-11,2025,7,Julio,2025-07,T3,2025-T3,11,Viernes,0
2025-07-12,2025,7,Julio,2025-07,T3,2025-T3,12,Sábado,1
2025-07-13,2025,7,Julio,2025-07,T3,2025-T3,13,Domingo,1
2025-07-14,2025,7,Julio,2025-07,T3,2025-T3,14,Lunes,0
2025-07-15,2025,7,Julio,2025-07,T3,2025-T3,15,Martes,0
2025-07-16,2025,7,Julio,2025-07,T3,2025-T3,16,Miércoles,0
2025-07-17,2025,7,Julio,2025-07,T3,2025-T3,17,Jueves,0
2025-07-18,2025,7,Julio,2025-07,T3,2025-T3,18,Viernes,0
2025-07-19,2025,7,Julio,2025-07,T3,2025-T3,19,Sábado,1
2025-07-20,2025,7,Julio,2025-07,T3,2025-T3,20,Domingo,1
2025-07-21,2025,7,Julio,2025-07,T3,2025-T3,21,Lunes,0
2025-07-22,2025,7,Julio,2025-07,T3,2025-T3,22,Martes,0
2025-07-23,2025,7,Julio,2025-07,T3,2025-T3,23,Miércoles,0
2025-07-24,2025,7,Julio,2025-07,T3,2025-T3,24,Jueves,0
2025-07-25,2025,7,Julio,2025-07,T3,2025-T3,25,Viernes,0
2025-07-26,2025,7,Julio,2025-07,T3,2025-T3,26,Sábado,1
2025-07-27,2025,7,Julio,2025-07,T3,2025-T3,27,Domingo,1
2025-07-28,2025,7,Julio,2025-07,T3,2025-T3,28,Lunes,0
2025-07-29,2025,7,Julio,2025-07,T3,2025-T3,29,Martes,0
2025-07-30,2025,7,Julio,2025-07,T3,2025-T3,30,Miércoles,0
2025-07-31,2025,7,Julio,2025-07,T3,2025-T3,31,Jueves,0
2025-08-01,2025,8,Agosto,2025-08,T3,2025-T3,1,Viernes,0
2025-08-02,2025,8,Agosto,2025-08,T3,2025-T3,2,Sábado,1
2025-08-03,2025,8,Agosto,2025-08,T3,2025-T3,3,Domingo,1
2025-08-04,2025,8,Agosto,2025-08,T3,2025-T3,4,Lunes,0
2025-08-05,2025,8,Agosto,2025-08,T3,2025-T3,5,Martes,0
2025-08-06,2025,8,Agosto,2025-08,T3,2025-T3,6,Miércoles,0
2025-08-07,2025,8,Agosto,2025-08,T3,2025-T3,7,Jueves,0
2025-08-08,2025,8,Agosto,2025-08,T3,2025-T3,8,Viernes,0
2025-08-09,2025,8,Agosto,2025-08,T3,2025-T3,9,Sábado,1
2025-08-10,2025,8,Agosto,2025-08,T3,2025-T3,10,Domingo,1
2025-08-11,2025,8,Agosto,2025-08,T3,2025-T3,11,Lunes,0
2025-08-12,2025,8,Agosto,2025-08,T3,2025-T3,12,Martes,0
2025-08-13,2025,8,Agosto,2025-08,T3,2025-T3,13,Miércoles,0
2025-08-14,2025,8,Agosto,2025-08,T3,2025-T3,14,Jueves,0
2025-08-15,2025,8,Agosto,2025-08,T3,2025-T3,15,Viernes,0
2025-08-16,2025,8,Agosto,2025-08,T3,2025-T3,16,Sábado,1
2025-08-17,2025,8,Agosto,2025-08,T3,2025-T3,17,Domingo,1
2025-08-18,2025,8,Agosto,2025-08,T3,2025-T3,18,Lunes,0
2025-08-19,2025,8,Agosto,2025-08,T3,2025-T3,19,Martes,0
2025-08-20,2025,8,Agosto,2025-08,T3,2025-T3,20,Miércoles,0
2025-08-21,2025,8,Agosto,2025-08,T3,2025-T3,21,Jueves,0
2025-08-22,2025,8,Agosto,2025-08,T3,2025-T3,22,Viernes,0
2025-08-23,2025,8,Agosto,2025-08,T3,2025-T3,23,Sábado,1
2025-08-24,2025,8,Agosto,2025-08,T3,2025-T3,24,Domingo,1
2025-08-25,2025,8,Agosto,2025-08,T3,2025-T3,25,Lunes,0
2025-08-26,2025,8,Agosto,2025-08,T3,2025-T3,26,Martes,0
2025-08-27,2025,8,Agosto,2025-08,T3,2025-T3,27,Miércoles,0
2025-08-28,2025,8,Agosto,2025-08,T3,2025-T3,28,Jueves,0
2025-08-29,2025,8,Agosto,2025-08,T3,2025-T3,29,Viernes,0
2025-08-30,2025,8,Agosto,2025-08,T3,2025-T3,30,Sábado,1
2025-08-31,2025,8,Agosto,2025-08,T3,2025-T3,31,Domingo,1
2025-09-01,2025,9,Septiembre,2025-09,T3,2025-T3,1,Lunes,0
2025-09-02,2025,9,Septiembre,2025-09,T3,2025-T3,2,Martes,0
2025-09-03,2025,9,Septiembre,2025-09,T3,2025-T3,3,Miércoles,0
2025-09-04,2025,9,Septiembre,2025-09,T3,2025-T3,4,Jueves,0
2025-09-05,2025,9,Septiembre,2025-09,T3,2025-T3,5,Viernes,0
2025-09-06,2025,9,Septiembre,2025-09,T3,2025-T3,6,Sábado,1
2025-09-07,2025,9,Septiembre,2025-09,T3,2025-T3,7,Domingo,1
2025-09-08,2025,9,Septiembre,2025-09,T3,2025-T3,8,Lunes,0
2025-09-09,2025,9,Septiembre,2025-09,T3,2025-T3,9,Martes,0
2025-09-10,2025,9,Septiembre,2025-09,T3,2025-T3,10,Miércoles,0
2025-09-11,2025,9,Septiembre,2025-09,T3,2025-T3,11,Jueves,0
2025-09-12,2025,9,Septiembre,2025-09,T3,2025-T3,12,Viernes,0
2025-09-13,2025,9,Septiembre,2025-09,T3,2025-T3,13,Sábado,1
2025-09-14,2025,9,Septiembre,2025-09,T3,2025-T3,14,Domingo,1
2025-09-15,2025,9,Septiembre,2025-09,T3,2025-T3,15,Lunes,0
2025-09-16,2025,9,Septiembre,2025-09,T3,2025-T3,16,Martes,0
2025-09-17,2025,9,Septiembre,2025-09,T3,2025-T3,17,Miércoles,0
2025-09-18,2025,9,Septiembre,2025-09,T3,2025-T3,18,Jueves,0
2025-09-19,2025,9,Septiembre,2025-09,T3,2025-T3,19,Viernes,0
2025-09-20,2025,9,Septiembre,2025-09,T3,2025-T3,20,Sábado,1
2025-09-21,2025,9,Septiembre,2025-09,T3,2025-T3,21,Domingo,1
2025-09-22,2025,9,Septiembre,2025-09,T3,2025-T3,22,Lunes,0
2025-09-23,2025,9,Septiembre,2025-09,T3,2025-T3,23,Martes,0
2025-09-24,2025,9,Septiembre,2025-09,T3,2025-T3,24,Miércoles,0
2025-09-25,2025,9,Septiembre,2025-09,T3,2025-T3,25,Jueves,0
2025-09-26,2025,9,Septiembre,2025-09,T3,2025-T3,26,Viernes,0
2025-09-27,2025,9,Septiembre,2025-09,T3,2025-T3,27,Sábado,1
2025-09-28,2025,9,Septiembre,2025-09,T3,2025-T3,28,Domingo,1
2025-09-29,2025,9,Septiembre,2025-09,T3,2025-T3,29,Lunes,0
2025-09-30,2025,9,Septiembre,2025-09,T3,2025-T3,30,Martes,0
2025-10-01,2025,10,Octubre,2025-10,T4,2025-T4,1,Miércoles,0
2025-10-02,2025,10,Octubre,2025-10,T4,2025-T4,2,Jueves,0
2025-10-03,2025,10,Octubre,2025-10,T4,2025-T4,3,Viernes,0
2025-10-04,2025,10,Octubre,2025-10,T4,2025-T4,4,Sábado,1
2025-10-05,2025,10,Octubre,2025-10,T4,2025-T4,5,Domingo,1
2025-10-06,2025,10,Octubre,2025-10,T4,2025-T4,6,Lunes,0
2025-10-07,2025,10,Octubre,2025-10,T4,2025-T4,7,Martes,0
2025-10-08,2025,10,Octubre,2025-10,T4,2025-T4,8,Miércoles,0
2025-10-09,2025,10,Octubre,2025-10,T4,2025-T4,9,Jueves,0
2025-10-10,2025,10,Octubre,2025-10,T4,2025-T4,10,Viernes,0
2025-10-11,2025,10,Octubre,2025-10,T4,2025-T4,11,Sábado,1
2025-10-12,2025,10,Octubre,2025-10,T4,2025-T4,12,Domingo,1
2025-10-13,2025,10,Octubre,2025-10,T4,2025-T4,13,Lunes,0
2025-10-14,2025,10,Octubre,2025-10,T4,2025-T4,14,Martes,0
2025-10-15,2025,10,Octubre,2025-10,T4,2025-T4,15,Miércoles,0
2025-10-16,2025,10,Octubre,2025-10,T4,2025-T4,16,Jueves,0
2025-10-17,2025,10,Octubre,2025-10,T4,2025-T4,17,Viernes,0
2025-10-18,2025,10,Octubre,2025-10,T4,2025-T4,18,Sábado,1
2025-10-19,2025,10,Octubre,2025-10,T4,2025-T4,19,Domingo,1
2025-10-20,2025,10,Octubre,2025-10,T4,2025-T4,20,Lunes,0
2025-10-21,2025,10,Octubre,2025-10,T4,2025-T4,21,Martes,0
2025-10-22,2025,10,Octubre,2025-10,T4,2025-T4,22,Miércoles,0
2025-10-23,2025,10,Octubre,2025-10,T4,2025-T4,23,Jueves,0
2025-10-24,2025,10,Octubre,2025-10,T4,2025-T4,24,Viernes,0
2025-10-25,2025,10,Octubre,2025-10,T4,2025-T4,25,Sábado,1
2025-10-26,2025,10,Octubre,2025-10,T4,2025-T4,26,Domingo,1
2025-10-27,2025,10,Octubre,2025-10,T4,2025-T4,27,Lunes,0
2025-10-28,2025,10,Octubre,2025-10,T4,2025-T4,28,Martes,0
2025-10-29,2025,10,Octubre,2025-10,T4,2025-T4,29,Miércoles,0
2025-10-30,2025,10,Octubre,2025-10,T4,2025-T4,30,Jueves,0
2025-10-31,2025,10,Octubre,2025-10,T4,2025-T4,31,Viernes,0
2025-11-01,2025,11,Noviembre,2025-11,T4,2025-T4,1,Sábado,1
2025-11-02,2025,11,Noviembre,2025-11,T4,2025-T4,2,Domingo,1
2025-11-03,2025,11,Noviembre,2025-11,T4,2025-T4,3,Lunes,0
2025-11-04,2025,11,Noviembre,2025-11,T4,2025-T4,4,Martes,0
2025-11-05,2025,11,Noviembre,2025-11,T4,2025-T4,5,Miércoles,0
2025-11-06,2025,11,Noviembre,2025-11,T4,2025-T4,6,Jueves,0
2025-11-07,2025,11,Noviembre,2025-11,T4,2025-T4,7,Viernes,0
2025-11-08,2025,11,Noviembre,2025-11,T4,2025-T4,8,Sábado,1
2025-11-09,2025,11,Noviembre,2025-11,T4,2025-T4,9,Domingo,1
2025-11-10,2025,11,Noviembre,2025-11,T4,2025-T4,10,Lunes,0
2025-11-11,2025,11,Noviembre,2025-11,T4,2025-T4,11,Martes,0
2025-11-12,2025,11,Noviembre,2025-11,T4,2025-T4,12,Miércoles,0
2025-11-13,2025,11,Noviembre,2025-11,T4,2025-T4,13,Jueves,0
2025-11-14,2025,11,Noviembre,2025-11,T4,2025-T4,14,Viernes,0
2025-11-15,2025,11,Noviembre,2025-11,T4,2025-T4,15,Sábado,1
2025-11-16,2025,11,Noviembre,2025-11,T4,2025-T4,16,Domingo,1
2025-11-17,2025,11,Noviembre,2025-11,T4,2025-T4,17,Lunes,0
2025-11-18,2025,11,Noviembre,2025-11,T4,2025-T4,18,Martes,0
2025-11-19,2025,11,Noviembre,2025-11,T4,2025-T4,19,Miércoles,0
2025-11-20,2025,11,Noviembre,2025-11,T4,2025-T4,20,Jueves,0
2025-11-21,2025,11,Noviembre,2025-11,T4,2025-T4,21,Viernes,0
2025-11-22,2025,11,Noviembre,2025-11,T4,2025-T4,22,Sábado,1
2025-11-23,2025,11,Noviembre,2025-11,T4,2025-T4,23,Domingo,1
2025-11-24,2025,11,Noviembre,2025-11,T4,2025-T4,24,Lunes,0
2025-11-25,2025,11,Noviembre,2025-11,T4,2025-T4,25,Martes,0
2025-11-26,2025,11,Noviembre,2025-11,T4,2025-T4,26,Miércoles,0
2025-11-27,2025,11,Noviembre,2025-11,T4,2025-T4,27,Jueves,0
2025-11-28,2025,11,Noviembre,2025-11,T4,2025-T4,28,Viernes,0
2025-11-29,2025,11,Noviembre,2025-11,T4,2025-T4,29,Sábado,1
2025-11-30,2025,11,Noviembre,2025-11,T4,2025-T4,30,Domingo,1
2025-12-01,2025,12,Diciembre,2025-12,T4,2025-T4,1,Lunes,0
2025-12-02,2025,12,Diciembre,2025-12,T4,2025-T4,2,Martes,0
2025-12-03,2025,12,Diciembre,2025-12,T4,2025-T4,3,Miércoles,0
2025-12-04,2025,12,Diciembre,2025-12,T4,2025-T4,4,Jueves,0
2025-12-05,2025,12,Diciembre,2025-12,T4,2025-T4,5,Viernes,0
2025-12-06,2025,12,Diciembre,2025-12,T4,2025-T4,6,Sábado,1
2025-12-07,2025,12,Diciembre,2025-12,T4,2025-T4,7,Domingo,1
2025-12-08,2025,12,Diciembre,2025-12,T4,2025-T4,8,Lunes,0
2025-12-09,2025,12,Diciembre,2025-12,T4,2025-T4,9,Martes,0
2025-12-10,2025,12,Diciembre,2025-12,T4,2025-T4,10,Miércoles,0
2025-12-11,2025,12,Diciembre,2025-12,T4,2025-T4,11,Jueves,0
2025-12-12,2025,12,Diciembre,2025-12,T4,2025-T4,12,Viernes,0
2025-12-13,2025,12,Diciembre,2025-12,T4,2025-T4,13,Sábado,1
2025-12-14,2025,12,Diciembre,2025-12,T4,2025-T4,14,Domingo,1
2025-12-15,2025,12,Diciembre,2025-12,T4,2025-T4,15,Lunes,0
2025-12-16,2025,12,Diciembre,2025-12,T4,2025-T4,16,Martes,0
2025-12-17,2025,12,Diciembre,2025-12,T4,2025-T4,17,Miércoles,0
2025-12-18,2025,12,Diciembre,2025-12,T4,2025-T4,18,Jueves,0
2025-12-19,2025,12,Diciembre,2025-12,T4,2025-T4,19,Viernes,0
2025-12-20,2025,12,Diciembre,2025-12,T4,2025-T4,20,Sábado,1
2025-12-21,2025,12,Diciembre,2025-12,T4,2025-T4,21,Domingo,1
2025-12-22,2025,12,Diciembre,2025-12,T4,2025-T4,22,Lunes,0
2025-12-23,2025,12,Diciembre,2025-12,T4,2025-T4,23,Martes,0
2025-12-24,2025,12,Diciembre,2025-12,T4,2025-T4,24,Miércoles,0
2025-12-25,2025,12,Diciembre,2025-12,T4,2025-T4,25,Jueves,0
2025-12-26,2025,12,Diciembre,2025-12,T4,2025-T4,26,Viernes,0
2025-12-27,2025,12,Diciembre,2025-12,T4,2025-T4,27,Sábado,1
2025-12-28,2025,12,Diciembre,2025-12,T4,2025-T4,28,Domingo,1
2025-12-29,2025,12,Diciembre,2025-12,T4,2025-T4,29,Lunes,0
2025-12-30,2025,12,Diciembre,2025-12,T4,2025-T4,30,Martes,0
2025-12-31,2025,12,Diciembre,2025-12,T4,2025-T4,31,Miércoles,0
2026-01-01,2026,1,Enero,2026-01,T1,2026-T1,1,Jueves,0
2026-01-02,2026,1,Enero,2026-01,T1,2026-T1,2,Viernes,0
2026-01-03,2026,1,Enero,2026-01,T1,2026-T1,3,Sábado,1
2026-01-04,2026,1,Enero,2026-01,T1,2026-T1,4,Domingo,1
2026-01-05,2026,1,Enero,2026-01,T1,2026-T1,5,Lunes,0
2026-01-06,2026,1,Enero,2026-01,T1,2026-T1,6,Martes,0
2026-01-07,2026,1,Enero,2026-01,T1,2026-T1,7,Miércoles,0
2026-01-08,2026,1,Enero,2026-01,T1,2026-T1,8,Jueves,0
2026-01-09,2026,1,Enero,2026-01,T1,2026-T1,9,Viernes,0
2026-01-10,2026,1,Enero,2026-01,T1,2026-T1,10,Sábado,1
2026-01-11,2026,1,Enero,2026-01,T1,2026-T1,11,Domingo,1
2026-01-12,2026,1,Enero,2026-01,T1,2026-T1,12,Lunes,0
2026-01-13,2026,1,Enero,2026-01,T1,2026-T1,13,Martes,0
2026-01-14,2026,1,Enero,2026-01,T1,2026-T1,14,Miércoles,0
2026-01-15,2026,1,Enero,2026-01,T1,2026-T1,15,Jueves,0
2026-01-16,2026,1,Enero,2026-01,T1,2026-T1,16,Viernes,0
2026-01-17,2026,1,Enero,2026-01,T1,2026-T1,17,Sábado,1
2026-01-18,2026,1,Enero,2026-01,T1,2026-T1,18,Domingo,1
2026-01-19,2026,1,Enero,2026-01,T1,2026-T1,19,Lunes,0
2026-01-20,2026,1,Enero,2026-01,T1,2026-T1,20,Martes,0
2026-01-21,2026,1,Enero,2026-01,T1,2026-T1,21,Miércoles,0
2026-01-22,2026,1,Enero,2026-01,T1,2026-T1,22,Jueves,0
2026-01-23,2026,1,Enero,2026-01,T1,2026-T1,23,Viernes,0
2026-01-24,2026,1,Enero,2026-01,T1,2026-T1,24,Sábado,1
2026-01-25,2026,1,Enero,2026-01,T1,2026-T1,25,Domingo,1
2026-01-26,2026,1,Enero,2026-01,T1,2026-T1,26,Lunes,0
2026-01-27,2026,1,Enero,2026-01,T1,2026-T1,27,Martes,0
2026-01-28,2026,1,Enero,2026-01,T1,2026-T1,28,Miércoles,0
2026-01-29,2026,1,Enero,2026-01,T1,2026-T1,29,Jueves,0
2026-01-30,2026,1,Enero,2026-01,T1,2026-T1,30,Viernes,0
2026-01-31,2026,1,Enero,2026-01,T1,2026-T1,31,Sábado,1
2026-02-01,2026,2,Febrero,2026-02,T1,2026-T1,1,Domingo,1
2026-02-02,2026,2,Febrero,2026-02,T1,2026-T1,2,Lunes,0
2026-02-03,2026,2,Febrero,2026-02,T1,2026-T1,3,Martes,0
2026-02-04,2026,2,Febrero,2026-02,T1,2026-T1,4,Miércoles,0
2026-02-05,2026,2,Febrero,2026-02,T1,2026-T1,5,Jueves,0
2026-02-06,2026,2,Febrero,2026-02,T1,2026-T1,6,Viernes,0
2026-02-07,2026,2,Febrero,2026-02,T1,2026-T1,7,Sábado,1
2026-02-08,2026,2,Febrero,2026-02,T1,2026-T1,8,Domingo,1
2026-02-09,2026,2,Febrero,2026-02,T1,2026-T1,9,Lunes,0
2026-02-10,2026,2,Febrero,2026-02,T1,2026-T1,10,Martes,0
2026-02-11,2026,2,Febrero,2026-02,T1,2026-T1,11,Miércoles,0
2026-02-12,2026,2,Febrero,2026-02,T1,2026-T1,12,Jueves,0
2026-02-13,2026,2,Febrero,2026-02,T1,2026-T1,13,Viernes,0
2026-02-14,2026,2,Febrero,2026-02,T1,2026-T1,14,Sábado,1
2026-02-15,2026,2,Febrero,2026-02,T1,2026-T1,15,Domingo,1
2026-02-16,2026,2,Febrero,2026-02,T1,2026-T1,16,Lunes,0
2026-02-17,2026,2,Febrero,2026-02,T1,2026-T1,17,Martes,0
2026-02-18,2026,2,Febrero,2026-02,T1,2026-T1,18,Miércoles,0
2026-02-19,2026,2,Febrero,2026-02,T1,2026-T1,19,Jueves,0
2026-02-20,2026,2,Febrero,2026-02,T1,2026-T1,20,Viernes,0
2026-02-21,2026,2,Febrero,2026-02,T1,2026-T1,21,Sábado,1
2026-02-22,2026,2,Febrero,2026-02,T1,2026-T1,22,Domingo,1
2026-02-23,2026,2,Febrero,2026-02,T1,2026-T1,23,Lunes,0
2026-02-24,2026,2,Febrero,2026-02,T1,2026-T1,24,Martes,0
2026-02-25,2026,2,Febrero,2026-02,T1,2026-T1,25,Miércoles,0
2026-02-26,2026,2,Febrero,2026-02,T1,2026-T1,26,Jueves,0
2026-02-27,2026,2,Febrero,2026-02,T1,2026-T1,27,Viernes,0
2026-02-28,2026,2,Febrero,2026-02,T1,2026-T1,28,Sábado,1
2026-03-01,2026,3,Marzo,2026-03,T1,2026-T1,1,Domingo,1
2026-03-02,2026,3,Marzo,2026-03,T1,2026-T1,2,Lunes,0
2026-03-03,2026,3,Marzo,2026-03,T1,2026-T1,3,Martes,0
2026-03-04,2026,3,Marzo,2026-03,T1,2026-T1,4,Miércoles,0
2026-03-05,2026,3,Marzo,2026-03,T1,2026-T1,5,Jueves,0
2026-03-06,2026,3,Marzo,2026-03,T1,2026-T1,6,Viernes,0
2026-03-07,2026,3,Marzo,2026-03,T1,2026-T1,7,Sábado,1
2026-03-08,2026,3,Marzo,2026-03,T1,2026-T1,8,Domingo,1
2026-03-09,2026,3,Marzo,2026-03,T1,2026-T1,9,Lunes,0
2026-03-10,2026,3,Marzo,2026-03,T1,2026-T1,10,Martes,0
2026-03-11,2026,3,Marzo,2026-03,T1,2026-T1,11,Miércoles,0
2026-03-12,2026,3,Marzo,2026-03,T1,2026-T1,12,Jueves,0
2026-03-13,2026,3,Marzo,2026-03,T1,2026-T1,13,Viernes,0
2026-03-14,2026,3,Marzo,2026-03,T1,2026-T1,14,Sábado,1
2026-03-15,2026,3,Marzo,2026-03,T1,2026-T1,15,Domingo,1
2026-03-16,2026,3,Marzo,2026-03,T1,2026-T1,16,Lunes,0
2026-03-17,2026,3,Marzo,2026-03,T1,2026-T1,17,Martes,0
2026-03-18,2026,3,Marzo,2026-03,T1,2026-T1,18,Miércoles,0
2026-03-19,2026,3,Marzo,2026-03,T1,2026-T1,19,Jueves,0
2026-03-20,2026,3,Marzo,2026-03,T1,2026-T1,20,Viernes,0
2026-03-21,2026,3,Marzo,2026-03,T1,2026-T1,21,Sábado,1
2026-03-22,2026,3,Marzo,2026-03,T1,2026-T1,22,Domingo,1
2026-03-23,2026,3,Marzo,2026-03,T1,2026-T1,23,Lunes,0
2026-03-24,2026,3,Marzo,2026-03,T1,2026-T1,24,Martes,0
2026-03-25,2026,3,Marzo,2026-03,T1,2026-T1,25,Miércoles,0
2026-03-26,2026,3,Marzo,2026-03,T1,2026-T1,26,Jueves,0
2026-03-27,2026,3,Marzo,2026-03,T1,2026-T1,27,Viernes,0
2026-03-28,2026,3,Marzo,2026-03,T1,2026-T1,28,Sábado,1
2026-03-29,2026,3,Marzo,2026-03,T1,2026-T1,29,Domingo,1
2026-03-30,2026,3,Marzo,2026-03,T1,2026-T1,30,Lunes,0
2026-03-31,2026,3,Marzo,2026-03,T1,2026-T1,31,Martes,0
2026-04-01,2026,4,Abril,2026-04,T2,2026-T2,1,Miércoles,0
2026-04-02,2026,4,Abril,2026-04,T2,2026-T2,2,Jueves,0
2026-04-03,2026,4,Abril,2026-04,T2,2026-T2,3,Viernes,0
2026-04-04,2026,4,Abril,2026-04,T2,2026-T2,4,Sábado,1
2026-04-05,2026,4,Abril,2026-04,T2,2026-T2,5,Domingo,1
2026-04-06,2026,4,Abril,2026-04,T2,2026-T2,6,Lunes,0
2026-04-07,2026,4,Abril,2026-04,T2,2026-T2,7,Martes,0
2026-04-08,2026,4,Abril,2026-04,T2,2026-T2,8,Miércoles,0
2026-04-09,2026,4,Abril,2026-04,T2,2026-T2,9,Jueves,0
2026-04-10,2026,4,Abril,2026-04,T2,2026-T2,10,Viernes,0
2026-04-11,2026,4,Abril,2026-04,T2,2026-T2,11,Sábado,1
2026-04-12,2026,4,Abril,2026-04,T2,2026-T2,12,Domingo,1
2026-04-13,2026,4,Abril,2026-04,T2,2026-T2,13,Lunes,0
2026-04-14,2026,4,Abril,2026-04,T2,2026-T2,14,Martes,0
2026-04-15,2026,4,Abril,2026-04,T2,2026-T2,15,Miércoles,0
2026-04-16,2026,4,Abril,2026-04,T2,2026-T2,16,Jueves,0
2026-04-17,2026,4,Abril,2026-04,T2,2026-T2,17,Viernes,0
2026-04-18,2026,4,Abril,2026-04,T2,2026-T2,18,Sábado,1
2026-04-19,2026,4,Abril,2026-04,T2,2026-T2,19,Domingo,1
2026-04-20,2026,4,Abril,2026-04,T2,2026-T2,20,Lunes,0
2026-04-21,2026,4,Abril,2026-04,T2,2026-T2,21,Martes,0
2026-04-22,2026,4,Abril,2026-04,T2,2026-T2,22,Miércoles,0
2026-04-23,2026,4,Abril,2026-04,T2,2026-T2,23,Jueves,0
2026-04-24,2026,4,Abril,2026-04,T2,2026-T2,24,Viernes,0
2026-04-25,2026,4,Abril,2026-04,T2,2026-T2,25,Sábado,1
2026-04-26,2026,4,Abril,2026-04,T2,2026-T2,26,Domingo,1
2026-04-27,2026,4,Abril,2026-04,T2,2026-T2,27,Lunes,0
2026-04-28,2026,4,Abril,2026-04,T2,2026-T2,28,Martes,0
2026-04-29,2026,4,Abril,2026-04,T2,2026-T2,29,Miércoles,0
2026-04-30,2026,4,Abril,2026-04,T2,2026-T2,30,Jueves,0
2026-05-01,2026,5,Mayo,2026-05,T2,2026-T2,1,Viernes,0
2026-05-02,2026,5,Mayo,2026-05,T2,2026-T2,2,Sábado,1
2026-05-03,2026,5,Mayo,2026-05,T2,2026-T2,3,Domingo,1
2026-05-04,2026,5,Mayo,2026-05,T2,2026-T2,4,Lunes,0
2026-05-05,2026,5,Mayo,2026-05,T2,2026-T2,5,Martes,0
2026-05-06,2026,5,Mayo,2026-05,T2,2026-T2,6,Miércoles,0
2026-05-07,2026,5,Mayo,2026-05,T2,2026-T2,7,Jueves,0
2026-05-08,2026,5,Mayo,2026-05,T2,2026-T2,8,Viernes,0
2026-05-09,2026,5,Mayo,2026-05,T2,2026-T2,9,Sábado,1
2026-05-10,2026,5,Mayo,2026-05,T2,2026-T2,10,Domingo,1
2026-05-11,2026,5,Mayo,2026-05,T2,2026-T2,11,Lunes,0
2026-05-12,2026,5,Mayo,2026-05,T2,2026-T2,12,Martes,0
2026-05-13,2026,5,Mayo,2026-05,T2,2026-T2,13,Miércoles,0
2026-05-14,2026,5,Mayo,2026-05,T2,2026-T2,14,Jueves,0
2026-05-15,2026,5,Mayo,2026-05,T2,2026-T2,15,Viernes,0
2026-05-16,2026,5,Mayo,2026-05,T2,2026-T2,16,Sábado,1
2026-05-17,2026,5,Mayo,2026-05,T2,2026-T2,17,Domingo,1
2026-05-18,2026,5,Mayo,2026-05,T2,2026-T2,18,Lunes,0
2026-05-19,2026,5,Mayo,2026-05,T2,2026-T2,19,Martes,0
2026-05-20,2026,5,Mayo,2026-05,T2,2026-T2,20,Miércoles,0
2026-05-21,2026,5,Mayo,2026-05,T2,2026-T2,21,Jueves,0
2026-05-22,2026,5,Mayo,2026-05,T2,2026-T2,22,Viernes,0
2026-05-23,2026,5,Mayo,2026-05,T2,2026-T2,23,Sábado,1
2026-05-24,2026,5,Mayo,2026-05,T2,2026-T2,24,Domingo,1
2026-05-25,2026,5,Mayo,2026-05,T2,2026-T2,25,Lunes,0
2026-05-26,2026,5,Mayo,2026-05,T2,2026-T2,26,Martes,0
2026-05-27,2026,5,Mayo,2026-05,T2,2026-T2,27,Miércoles,0
2026-05-28,2026,5,Mayo,2026-05,T2,2026-T2,28,Jueves,0
2026-05-29,2026,5,Mayo,2026-05,T2,2026-T2,29,Viernes,0
2026-05-30,2026,5,Mayo,2026-05,T2,2026-T2,30,Sábado,1
2026-05-31,2026,5,Mayo,2026-05,T2,2026-T2,31,Domingo,1
2026-06-01,2026,6,Junio,2026-06,T2,2026-T2,1,Lunes,0
2026-06-02,2026,6,Junio,2026-06,T2,2026-T2,2,Martes,0
2026-06-03,2026,6,Junio,2026-06,T2,2026-T2,3,Miércoles,0
2026-06-04,2026,6,Junio,2026-06,T2,2026-T2,4,Jueves,0
2026-06-05,2026,6,Junio,2026-06,T2,2026-T2,5,Viernes,0
2026-06-06,2026,6,Junio,2026-06,T2,2026-T2,6,Sábado,1
2026-06-07,2026,6,Junio,2026-06,T2,2026-T2,7,Domingo,1
2026-06-08,2026,6,Junio,2026-06,T2,2026-T2,8,Lunes,0
2026-06-09,2026,6,Junio,2026-06,T2,2026-T2,9,Martes,0
2026-06-10,2026,6,Junio,2026-06,T2,2026-T2,10,Miércoles,0
2026-06-11,2026,6,Junio,2026-06,T2,2026-T2,11,Jueves,0
2026-06-12,2026,6,Junio,2026-06,T2,2026-T2,12,Viernes,0
2026-06-13,2026,6,Junio,2026-06,T2,2026-T2,13,Sábado,1
2026-06-14,2026,6,Junio,2026-06,T2,2026-T2,14,Domingo,1
2026-06-15,2026,6,Junio,2026-06,T2,2026-T2,15,Lunes,0
2026-06-16,2026,6,Junio,2026-06,T2,2026-T2,16,Martes,0
2026-06-17,2026,6,Junio,2026-06,T2,2026-T2,17,Miércoles,0
2026-06-18,2026,6,Junio,2026-06,T2,2026-T2,18,Jueves,0
2026-06-19,2026,6,Junio,2026-06,T2,2026-T2,19,Viernes,0
2026-06-20,2026,6,Junio,2026-06,T2,2026-T2,20,Sábado,1
2026-06-21,2026,6,Junio,2026-06,T2,2026-T2,21,Domingo,1
2026-06-22,2026,6,Junio,2026-06,T2,2026-T2,22,Lunes,0
2026-06-23,2026,6,Junio,2026-06,T2,2026-T2,23,Martes,0
2026-06-24,2026,6,Junio,2026-06,T2,2026-T2,24,Miércoles,0
2026-06-25,2026,6,Junio,2026-06,T2,2026-T2,25,Jueves,0
2026-06-26,2026,6,Junio,2026-06,T2,2026-T2,26,Viernes,0
2026-06-27,2026,6,Junio,2026-06,T2,2026-T2,27,Sábado,1
2026-06-28,2026,6,Junio,2026-06,T2,2026-T2,28,Domingo,1
2026-06-29,2026,6,Junio,2026-06,T2,2026-T2,29,Lunes,0
2026-06-30,2026,6,Junio,2026-06,T2,2026-T2,30,Martes,0
2026-07-01,2026,7,Julio,2026-07,T3,2026-T3,1,Miércoles,0
2026-07-02,2026,7,Julio,2026-07,T3,2026-T3,2,Jueves,0
2026-07-03,2026,7,Julio,2026-07,T3,2026-T3,3,Viernes,0
2026-07-04,2026,7,Julio,2026-07,T3,2026-T3,4,Sábado,1
2026-07-05,2026,7,Julio,2026-07,T3,2026-T3,5,Domingo,1
2026-07-06,2026,7,Julio,2026-07,T3,2026-T3,6,Lunes,0
2026-07-07,2026,7,Julio,2026-07,T3,2026-T3,7,Martes,0
2026-07-08,2026,7,Julio,2026-07,T3,2026-T3,8,Miércoles,0
2026-07-09,2026,7,Julio,2026-07,T3,2026-T3,9,Jueves,0
2026-07-10,2026,7,Julio,2026-07,T3,2026-T3,10,Viernes,0
2026-07-11,2026,7,Julio,2026-07,T3,2026-T3,11,Sábado,1
2026-07-12,2026,7,Julio,2026-07,T3,2026-T3,12,Domingo,1
2026-07-13,2026,7,Julio,2026-07,T3,2026-T3,13,Lunes,0
2026-07-14,2026,7,Julio,2026-07,T3,2026-T3,14,Martes,0
2026-07-15,2026,7,Julio,2026-07,T3,2026-T3,15,Miércoles,0
2026-07-16,2026,7,Julio,2026-07,T3,2026-T3,16,Jueves,0
2026-07-17,2026,7,Julio,2026-07,T3,2026-T3,17,Viernes,0
2026-07-18,2026,7,Julio,2026-07,T3,2026-T3,18,Sábado,1
2026-07-19,2026,7,Julio,2026-07,T3,2026-T3,19,Domingo,1
2026-07-20,2026,7,Julio,2026-07,T3,2026-T3,20,Lunes,0
2026-07-21,2026,7,Julio,2026-07,T3,2026-T3,21,Martes,0
2026-07-22,2026,7,Julio,2026-07,T3,2026-T3,22,Miércoles,0
2026-07-23,2026,7,Julio,2026-07,T3,2026-T3,23,Jueves,0
2026-07-24,2026,7,Julio,2026-07,T3,2026-T3,24,Viernes,0
2026-07-25,2026,7,Julio,2026-07,T3,2026-T3,25,Sábado,1
2026-07-26,2026,7,Julio,2026-07,T3,2026-T3,26,Domingo,1
2026-07-27,2026,7,Julio,2026-07,T3,2026-T3,27,Lunes,0
2026-07-28,2026,7,Julio,2026-07,T3,2026-T3,28,Martes,0
2026-07-29,2026,7,Julio,2026-07,T3,2026-T3,29,Miércoles,0
2026-07-30,2026,7,Julio,2026-07,T3,2026-T3,30,Jueves,0
2026-07-31,2026,7,Julio,2026-07,T3,2026-T3,31,Viernes,0
2026-08-01,2026,8,Agosto,2026-08,T3,2026-T3,1,Sábado,1
2026-08-02,2026,8,Agosto,2026-08,T3,2026-T3,2,Domingo,1
2026-08-03,2026,8,Agosto,2026-08,T3,2026-T3,3,Lunes,0
2026-08-04,2026,8,Agosto,2026-08,T3,2026-T3,4,Martes,0
2026-08-05,2026,8,Agosto,2026-08,T3,2026-T3,5,Miércoles,0
2026-08-06,2026,8,Agosto,2026-08,T3,2026-T3,6,Jueves,0
2026-08-07,2026,8,Agosto,2026-08,T3,2026-T3,7,Viernes,0
2026-08-08,2026,8,Agosto,2026-08,T3,2026-T3,8,Sábado,1
2026-08-09,2026,8,Agosto,2026-08,T3,2026-T3,9,Domingo,1
2026-08-10,2026,8,Agosto,2026-08,T3,2026-T3,10,Lunes,0
2026-08-11,2026,8,Agosto,2026-08,T3,2026-T3,11,Martes,0
2026-08-12,2026,8,Agosto,2026-08,T3,2026-T3,12,Miércoles,0
2026-08-13,2026,8,Agosto,2026-08,T3,2026-T3,13,Jueves,0
2026-08-14,2026,8,Agosto,2026-08,T3,2026-T3,14,Viernes,0
2026-08-15,2026,8,Agosto,2026-08,T3,2026-T3,15,Sábado,1
2026-08-16,2026,8,Agosto,2026-08,T3,2026-T3,16,Domingo,1
2026-08-17,2026,8,Agosto,2026-08,T3,2026-T3,17,Lunes,0
2026-08-18,2026,8,Agosto,2026-08,T3,2026-T3,18,Martes,0
2026-08-19,2026,8,Agosto,2026-08,T3,2026-T3,19,Miércoles,0
2026-08-20,2026,8,Agosto,2026-08,T3,2026-T3,20,Jueves,0
2026-08-21,2026,8,Agosto,2026-08,T3,2026-T3,21,Viernes,0
2026-08-22,2026,8,Agosto,2026-08,T3,2026-T3,22,Sábado,1
2026-08-23,2026,8,Agosto,2026-08,T3,2026-T3,23,Domingo,1
2026-08-24,2026,8,Agosto,2026-08,T3,2026-T3,24,Lunes,0
2026-08-25,2026,8,Agosto,2026-08,T3,2026-T3,25,Martes,0
2026-08-26,2026,8,Agosto,2026-08,T3,2026-T3,26,Miércoles,0
2026-08-27,2026,8,Agosto,2026-08,T3,2026-T3,27,Jueves,0
2026-08-28,2026,8,Agosto,2026-08,T3,2026-T3,28,Viernes,0
2026-08-29,2026,8,Agosto,2026-08,T3,2026-T3,29,Sábado,1
2026-08-30,2026,8,Agosto,2026-08,T3,2026-T3,30,Domingo,1
2026-08-31,2026,8,Agosto,2026-08,T3,2026-T3,31,Lunes,0
2026-09-01,2026,9,Septiembre,2026-09,T3,2026-T3,1,Martes,0
2026-09-02,2026,9,Septiembre,2026-09,T3,2026-T3,2,Miércoles,0
2026-09-03,2026,9,Septiembre,2026-09,T3,2026-T3,3,Jueves,0
2026-09-04,2026,9,Septiembre,2026-09,T3,2026-T3,4,Viernes,0
2026-09-05,2026,9,Septiembre,2026-09,T3,2026-T3,5,Sábado,1
2026-09-06,2026,9,Septiembre,2026-09,T3,2026-T3,6,Domingo,1
2026-09-07,2026,9,Septiembre,2026-09,T3,2026-T3,7,Lunes,0
2026-09-08,2026,9,Septiembre,2026-09,T3,2026-T3,8,Martes,0
2026-09-09,2026,9,Septiembre,2026-09,T3,2026-T3,9,Miércoles,0
2026-09-10,2026,9,Septiembre,2026-09,T3,2026-T3,10,Jueves,0
2026-09-11,2026,9,Septiembre,2026-09,T3,2026-T3,11,Viernes,0
2026-09-12,2026,9,Septiembre,2026-09,T3,2026-T3,12,Sábado,1
2026-09-13,2026,9,Septiembre,2026-09,T3,2026-T3,13,Domingo,1
2026-09-14,2026,9,Septiembre,2026-09,T3,2026-T3,14,Lunes,0
2026-09-15,2026,9,Septiembre,2026-09,T3,2026-T3,15,Martes,0
2026-09-16,2026,9,Septiembre,2026-09,T3,2026-T3,16,Miércoles,0
2026-09-17,2026,9,Septiembre,2026-09,T3,2026-T3,17,Jueves,0
2026-09-18,2026,9,Septiembre,2026-09,T3,2026-T3,18,Viernes,0
2026-09-19,2026,9,Septiembre,2026-09,T3,2026-T3,19,Sábado,1
2026-09-20,2026,9,Septiembre,2026-09,T3,2026-T3,20,Domingo,1
2026-09-21,2026,9,Septiembre,2026-09,T3,2026-T3,21,Lunes,0
2026-09-22,2026,9,Septiembre,2026-09,T3,2026-T3,22,Martes,0
2026-09-23,2026,9,Septiembre,2026-09,T3,2026-T3,23,Miércoles,0
2026-09-24,2026,9,Septiembre,2026-09,T3,2026-T3,24,Jueves,0
2026-09-25,2026,9,Septiembre,2026-09,T3,2026-T3,25,Viernes,0
2026-09-26,2026,9,Septiembre,2026-09,T3,2026-T3,26,Sábado,1
2026-09-27,2026,9,Septiembre,2026-09,T3,2026-T3,27,Domingo,1
2026-09-28,2026,9,Septiembre,2026-09,T3,2026-T3,28,Lunes,0
2026-09-29,2026,9,Septiembre,2026-09,T3,2026-T3,29,Martes,0
2026-09-30,2026,9,Septiembre,2026-09,T3,2026-T3,30,Miércoles,0
2026-10-01,2026,10,Octubre,2026-10,T4,2026-T4,1,Jueves,0
2026-10-02,2026,10,Octubre,2026-10,T4,2026-T4,2,Viernes,0
2026-10-03,2026,10,Octubre,2026-10,T4,2026-T4,3,Sábado,1
2026-10-04,2026,10,Octubre,2026-10,T4,2026-T4,4,Domingo,1
2026-10-05,2026,10,Octubre,2026-10,T4,2026-T4,5,Lunes,0
2026-10-06,2026,10,Octubre,2026-10,T4,2026-T4,6,Martes,0
2026-10-07,2026,10,Octubre,2026-10,T4,2026-T4,7,Miércoles,0
2026-10-08,2026,10,Octubre,2026-10,T4,2026-T4,8,Jueves,0
2026-10-09,2026,10,Octubre,2026-10,T4,2026-T4,9,Viernes,0
2026-10-10,2026,10,Octubre,2026-10,T4,2026-T4,10,Sábado,1
2026-10-11,2026,10,Octubre,2026-10,T4,2026-T4,11,Domingo,1
2026-10-12,2026,10,Octubre,2026-10,T4,2026-T4,12,Lunes,0
2026-10-13,2026,10,Octubre,2026-10,T4,2026-T4,13,Martes,0
2026-10-14,2026,10,Octubre,2026-10,T4,2026-T4,14,Miércoles,0
2026-10-15,2026,10,Octubre,2026-10,T4,2026-T4,15,Jueves,0
2026-10-16,2026,10,Octubre,2026-10,T4,2026-T4,16,Viernes,0
2026-10-17,2026,10,Octubre,2026-10,T4,2026-T4,17,Sábado,1
2026-10-18,2026,10,Octubre,2026-10,T4,2026-T4,18,Domingo,1
2026-10-19,2026,10,Octubre,2026-10,T4,2026-T4,19,Lunes,0
2026-10-20,2026,10,Octubre,2026-10,T4,2026-T4,20,Martes,0
2026-10-21,2026,10,Octubre,2026-10,T4,2026-T4,21,Miércoles,0
2026-10-22,2026,10,Octubre,2026-10,T4,2026-T4,22,Jueves,0
2026-10-23,2026,10,Octubre,2026-10,T4,2026-T4,23,Viernes,0
2026-10-24,2026,10,Octubre,2026-10,T4,2026-T4,24,Sábado,1
2026-10-25,2026,10,Octubre,2026-10,T4,2026-T4,25,Domingo,1
2026-10-26,2026,10,Octubre,2026-10,T4,2026-T4,26,Lunes,0
2026-10-27,2026,10,Octubre,2026-10,T4,2026-T4,27,Martes,0
2026-10-28,2026,10,Octubre,2026-10,T4,2026-T4,28,Miércoles,0
2026-10-29,2026,10,Octubre,2026-10,T4,2026-T4,29,Jueves,0
2026-10-30,2026,10,Octubre,2026-10,T4,2026-T4,30,Viernes,0
2026-10-31,2026,10,Octubre,2026-10,T4,2026-T4,31,Sábado,1
2026-11-01,2026,11,Noviembre,2026-11,T4,2026-T4,1,Domingo,1
2026-11-02,2026,11,Noviembre,2026-11,T4,2026-T4,2,Lunes,0
2026-11-03,2026,11,Noviembre,2026-11,T4,2026-T4,3,Martes,0
2026-11-04,2026,11,Noviembre,2026-11,T4,2026-T4,4,Miércoles,0
2026-11-05,2026,11,Noviembre,2026-11,T4,2026-T4,5,Jueves,0
2026-11-06,2026,11,Noviembre,2026-11,T4,2026-T4,6,Viernes,0
2026-11-07,2026,11,Noviembre,2026-11,T4,2026-T4,7,Sábado,1
2026-11-08,2026,11,Noviembre,2026-11,T4,2026-T4,8,Domingo,1
2026-11-09,2026,11,Noviembre,2026-11,T4,2026-T4,9,Lunes,0
2026-11-10,2026,11,Noviembre,2026-11,T4,2026-T4,10,Martes,0
2026-11-11,2026,11,Noviembre,2026-11,T4,2026-T4,11,Miércoles,0
2026-11-12,2026,11,Noviembre,2026-11,T4,2026-T4,12,Jueves,0
2026-11-13,2026,11,Noviembre,2026-11,T4,2026-T4,13,Viernes,0
2026-11-14,2026,11,Noviembre,2026-11,T4,2026-T4,14,Sábado,1
2026-11-15,2026,11,Noviembre,2026-11,T4,2026-T4,15,Domingo,1
2026-11-16,2026,11,Noviembre,2026-11,T4,2026-T4,16,Lunes,0
2026-11-17,2026,11,Noviembre,2026-11,T4,2026-T4,17,Martes,0
2026-11-18,2026,11,Noviembre,2026-11,T4,2026-T4,18,Miércoles,0
2026-11-19,2026,11,Noviembre,2026-11,T4,2026-T4,19,Jueves,0
2026-11-20,2026,11,Noviembre,2026-11,T4,2026-T4,20,Viernes,0
2026-11-21,2026,11,Noviembre,2026-11,T4,2026-T4,21,Sábado,1
2026-11-22,2026,11,Noviembre,2026-11,T4,2026-T4,22,Domingo,1
2026-11-23,2026,11,Noviembre,2026-11,T4,2026-T4,23,Lunes,0
2026-11-24,2026,11,Noviembre,2026-11,T4,2026-T4,24,Martes,0
2026-11-25,2026,11,Noviembre,2026-11,T4,2026-T4,25,Miércoles,0
2026-11-26,2026,11,Noviembre,2026-11,T4,2026-T4,26,Jueves,0
2026-11-27,2026,11,Noviembre,2026-11,T4,2026-T4,27,Viernes,0
2026-11-28,2026,11,Noviembre,2026-11,T4,2026-T4,28,Sábado,1
2026-11-29,2026,11,Noviembre,2026-11,T4,2026-T4,29,Domingo,1
2026-11-30,2026,11,Noviembre,2026-11,T4,2026-T4,30,Lunes,0
2026-12-01,2026,12,Diciembre,2026-12,T4,2026-T4,1,Martes,0
2026-12-02,2026,12,Diciembre,2026-12,T4,2026-T4,2,Miércoles,0
2026-12-03,2026,12,Diciembre,2026-12,T4,2026-T4,3,Jueves,0
2026-12-04,2026,12,Diciembre,2026-12,T4,2026-T4,4,Viernes,0
2026-12-05,2026,12,Diciembre,2026-12,T4,2026-T4,5,Sábado,1
2026-12-06,2026,12,Diciembre,2026-12,T4,2026-T4,6,Domingo,1
2026-12-07,2026,12,Diciembre,2026-12,T4,2026-T4,7,Lunes,0
2026-12-08,2026,12,Diciembre,2026-12,T4,2026-T4,8,Martes,0
2026-12-09,2026,12,Diciembre,2026-12,T4,2026-T4,9,Miércoles,0
2026-12-10,2026,12,Diciembre,2026-12,T4,2026-T4,10,Jueves,0
2026-12-11,2026,12,Diciembre,2026-12,T4,2026-T4,11,Viernes,0
2026-12-12,2026,12,Diciembre,2026-12,T4,2026-T4,12,Sábado,1
2026-12-13,2026,12,Diciembre,2026-12,T4,2026-T4,13,Domingo,1
2026-12-14,2026,12,Diciembre,2026-12,T4,2026-T4,14,Lunes,0
2026-12-15,2026,12,Diciembre,2026-12,T4,2026-T4,15,Martes,0
2026-12-16,2026,12,Diciembre,2026-12,T4,2026-T4,16,Miércoles,0
2026-12-17,2026,12,Diciembre,2026-12,T4,2026-T4,17,Jueves,0
2026-12-18,2026,12,Diciembre,2026-12,T4,2026-T4,18,Viernes,0
2026-12-19,2026,12,Diciembre,2026-12,T4,2026-T4,19,Sábado,1
2026-12-20,2026,12,Diciembre,2026-12,T4,2026-T4,20,Domingo,1
2026-12-21,2026,12,Diciembre,2026-12,T4,2026-T4,21,Lunes,0
2026-12-22,2026,12,Diciembre,2026-12,T4,2026-T4,22,Martes,0
2026-12-23,2026,12,Diciembre,2026-12,T4,2026-T4,23,Miércoles,0
2026-12-24,2026,12,Diciembre,2026-12,T4,2026-T4,24,Jueves,0
2026-12-25,2026,12,Diciembre,2026-12,T4,2026-T4,25,Viernes,0
2026-12-26,2026,12,Diciembre,2026-12,T4,2026-T4,26,Sábado,1
2026-12-27,2026,12,Diciembre,2026-12,T4,2026-T4,27,Domingo,1
2026-12-28,2026,12,Diciembre,2026-12,T4,2026-T4,28,Lunes,0
2026-12-29,2026,12,Diciembre,2026-12,T4,2026-T4,29,Martes,0
2026-12-30,2026,12,Diciembre,2026-12,T4,2026-T4,30,Miércoles,0
2026-12-31,2026,12,Diciembre,2026-12,T4,2026-T4,31,Jueves,0
