id_cobro,referencia,fecha_cobro,monto_cobrado,id_cliente,id_entidad,metodo_pago,estado,aplicado_a_factura,conciliado_con_banco,facturas_saldadas
93,COB/2026/00036,2026-09-10,10306.12,212,2,Manual Payment (Bank),paid,1,0,1
92,COB/2026/00004,2026-09-09,12235.46,260,3,Manual Payment (Bank),in_process,1,0,1
89,COB/2026/00029,2026-09-08,4803.7,146,2,Pago manual (Efectivo Inmobiliaria Ozama SRL),paid,1,1,1
88,COB/2026/00028,2026-09-08,4803.7,153,2,Pago manual (Efectivo Inmobiliaria Ozama SRL),paid,1,1,1
86,COB/2026/00027,2026-09-07,4803.7,189,2,Pago manual (Efectivo Inmobiliaria Ozama SRL),paid,1,1,1
87,COB/2026/00035,2026-09-07,4803.7,258,2,Manual Payment (Bank),paid,1,0,1
83,COB/2026/00034,2026-09-04,4803.7,155,2,Manual Payment (Bank),paid,1,0,1
82,COB/2026/00033,2026-09-04,4803.7,201,2,Manual Payment (Bank),paid,1,0,1
85,COB/2026/00020,2026-09-04,21835.0,121,1,Manual Payment (Bank),paid,1,0,5
84,COB/2026/00019,2026-09-04,30569.0,72,1,Manual Payment (Bank),paid,1,0,5
81,COB/2026/00026,2026-09-03,4803.7,190,2,Pago manual (Efectivo Inmobiliaria Ozama SRL),paid,1,1,1
80,COB/2026/00025,2026-09-03,4803.7,175,2,Pago manual (Efectivo Inmobiliaria Ozama SRL),paid,1,1,1
77,COB/2026/00024,2026-09-02,4803.7,185,2,Pago manual (Efectivo Inmobiliaria Ozama SRL),paid,1,1,1
78,COB/2026/00032,2026-09-02,3668.28,177,2,Manual Payment (Bank),paid,1,0,1
79,COB/2026/00018,2026-09-02,15721.2,51,1,Manual Payment (Bank),paid,1,0,1
76,COB/2026/00023,2026-09-01,4803.7,186,2,Pago manual (Efectivo Inmobiliaria Ozama SRL),paid,1,1,1
75,COB/2026/00022,2026-09-01,3056.9,150,2,Pago manual (Efectivo Inmobiliaria Ozama SRL),paid,1,1,1
74,COB/2026/00021,2026-09-01,4803.7,178,2,Pago manual (Efectivo Inmobiliaria Ozama SRL),paid,1,1,1
73,COB/2026/00020,2026-08-31,4803.7,200,2,Pago manual (Efectivo Inmobiliaria Ozama SRL),paid,1,1,1
72,COB/2026/00031,2026-08-31,4008.91,154,2,Manual Payment (Bank),paid,1,0,1
71,COB/2026/00030,2026-08-31,6474.51,254,2,Manual Payment (Bank),paid,1,0,1
70,COB/2026/00029,2026-08-31,4803.7,159,2,Manual Payment (Bank),paid,1,0,1
69,COB/2026/00028,2026-08-31,3755.62,165,2,Manual Payment (Bank),paid,1,0,1
68,COB/2026/00027,2026-08-31,4192.32,143,2,Manual Payment (Bank),paid,1,0,1
67,COB/2026/00026,2026-08-31,4803.7,194,2,Manual Payment (Bank),paid,1,0,1
66,COB/2026/00025,2026-08-31,4803.7,164,2,Manual Payment (Bank),paid,1,0,1
65,COB/2026/00024,2026-08-31,4803.7,171,2,Manual Payment (Bank),paid,1,0,1
64,COB/2026/00023,2026-08-31,4330.32,147,2,Manual Payment (Bank),paid,1,0,1
63,COB/2026/00019,2026-08-28,4803.7,202,2,Pago manual (Efectivo Inmobiliaria Ozama SRL),paid,1,1,1
62,COB/2026/00018,2026-08-27,4803.7,209,2,Pago manual (Efectivo Inmobiliaria Ozama SRL),paid,1,1,1
61,COB/2026/00017,2026-08-27,4803.7,195,2,Pago manual (Efectivo Inmobiliaria Ozama SRL),paid,1,1,1
59,COB/2026/00016,2026-08-26,4803.7,169,2,Pago manual (Efectivo Inmobiliaria Ozama SRL),paid,1,1,1
60,COB/2026/00022,2026-08-26,4803.7,166,2,Manual Payment (Bank),paid,1,0,1
58,COB/2026/00021,2026-08-26,4803.7,253,2,Manual Payment (Bank),paid,1,0,1
57,COB/2026/00015,2026-08-25,7292.89,152,2,Pago manual (Efectivo Inmobiliaria Ozama SRL),paid,1,1,1
55,COB/2026/00014,2026-08-25,4803.7,161,2,Pago manual (Efectivo Inmobiliaria Ozama SRL),paid,1,1,1
56,COB/2026/00001,2026-08-25,8734.0,58,1,Pago manual (Efectivo Suministros del Este SRL),paid,1,1,1
50,COB/2026/00013,2026-08-24,4803.7,157,2,Pago manual (Efectivo Inmobiliaria Ozama SRL),paid,1,1,1
54,COB/2026/00020,2026-08-24,7860.6,228,2,Manual Payment (Bank),paid,1,0,1
53,COB/2026/00017,2026-08-24,10480.8,42,1,Manual Payment (Bank),paid,1,0,1
52,COB/2026/00016,2026-08-24,8244.9,63,1,Manual Payment (Bank),paid,1,0,1
51,COB/2026/00002,2026-08-24,3493.6,252,3,Manual Payment (Bank),in_process,1,0,1
49,COB/2026/00019,2026-08-21,4803.7,170,2,Manual Payment (Bank),paid,1,0,1
48,COB/2026/00018,2026-08-21,4611.55,244,2,Manual Payment (Bank),paid,1,0,1
47,COB/2026/00017,2026-08-20,8384.64,204,2,Manual Payment (Bank),paid,1,0,1
42,COB/2026/00012,2026-08-19,4803.7,198,2,Pago manual (Efectivo Inmobiliaria Ozama SRL),paid,1,1,1
46,COB/2026/00016,2026-08-19,4803.7,203,2,Manual Payment (Bank),paid,1,0,1
45,COB/2026/00015,2026-08-19,6690.24,160,2,Manual Payment (Bank),paid,1,0,1
44,COB/2026/00014,2026-08-19,7412.3,158,2,Manual Payment (Bank),paid,1,0,1
43,COB/2026/00013,2026-08-19,4803.7,240,2,Manual Payment (Bank),paid,1,0,1
39,COB/2026/00011,2026-08-18,5532.99,144,2,Pago manual (Efectivo Inmobiliaria Ozama SRL),paid,1,1,1
40,COB/2026/00012,2026-08-18,3493.6,162,2,Manual Payment (Bank),paid,1,0,1
41,COB/2026/00001,2026-08-18,8513.18,239,3,Manual Payment (Bank),paid,1,0,1
32,COB/2026/00010,2026-08-17,5240.4,168,2,Pago manual (Efectivo Inmobiliaria Ozama SRL),paid,1,1,1
34,COB/2026/00013,2026-08-17,5153.06,74,1,Manual Payment (Bank),paid,1,0,1
36,COB/2026/00012,2026-08-17,5153.06,74,1,Manual Payment (Bank),paid,1,0,1
35,COB/2026/00011,2026-08-17,5153.06,74,1,Manual Payment (Bank),paid,1,0,1
33,COB/2026/00010,2026-08-17,10480.8,62,1,Manual Payment (Bank),paid,1,0,1
31,COB/2026/00009,2026-08-15,22879.59,18,1,Manual Payment (Bank),paid,1,0,1
25,COB/2026/00011,2026-08-14,6916.45,211,2,Manual Payment (Bank),paid,1,0,1
23,COB/2026/00010,2026-08-14,4192.32,156,2,Manual Payment (Bank),paid,1,0,1
27,COB/2026/00006,2026-08-14,9432.72,235,1,Manual Payment (Bank),paid,1,0,1
21,COB/2026/00009,2026-08-13,4803.7,196,2,Pago manual (Efectivo Inmobiliaria Ozama SRL),paid,1,1,1
22,COB/2026/00003,2026-08-13,8734.0,233,1,Manual Payment (Bank),paid,1,0,1
20,COB/2026/00008,2026-08-10,4803.7,153,2,Pago manual (Efectivo Inmobiliaria Ozama SRL),paid,1,1,1
18,COB/2026/00007,2026-08-10,4803.7,153,2,Pago manual (Efectivo Inmobiliaria Ozama SRL),paid,0,1,1
94,COB/2026/00037,2026-08-10,10306.12,212,2,Manual Payment (Bank),paid,1,0,1
19,COB/2026/00009,2026-08-10,7860.6,228,2,Manual Payment (Bank),paid,1,0,1
17,COB/2026/00008,2026-08-06,4803.7,207,2,Manual Payment (Bank),paid,1,0,1
16,COB/2026/00007,2026-08-06,4803.7,192,2,Manual Payment (Bank),paid,1,0,1
15,COB/2026/00006,2026-08-06,4803.7,201,2,Manual Payment (Bank),paid,1,0,1
90,COB/2026/00003,2026-08-05,69916.6,260,3,Manual Payment (Bank),canceled,0,0,1
91,COB/2026/00003,2026-08-05,20974.7,260,3,Manual Payment (Bank),in_process,1,0,1
14,COB/2026/00002,2026-08-05,15721.2,51,1,Manual Payment (Bank),paid,1,0,1
13,COB/2026/00006,2026-08-04,4803.7,190,2,Pago manual (Efectivo Inmobiliaria Ozama SRL),paid,1,1,1
12,COB/2026/00005,2026-08-04,4803.7,189,2,Manual Payment (Bank),paid,1,0,1
10,COB/2026/00005,2026-08-03,4803.7,186,2,Pago manual (Efectivo Inmobiliaria Ozama SRL),paid,1,1,1
9,COB/2026/00004,2026-08-03,4803.7,185,2,Pago manual (Efectivo Inmobiliaria Ozama SRL),paid,1,1,1
8,COB/2026/00003,2026-08-03,4803.7,178,2,Pago manual (Efectivo Inmobiliaria Ozama SRL),paid,1,1,1
7,COB/2026/00002,2026-08-03,4192.32,177,2,Pago manual (Efectivo Inmobiliaria Ozama SRL),paid,1,1,1
6,COB/2026/00001,2026-08-03,4803.7,175,2,Pago manual (Efectivo Inmobiliaria Ozama SRL),paid,1,1,1
11,COB/2026/00001,2026-08-03,338879.2,61,1,Manual Payment (Bank),paid,1,0,1
5,COB/2026/00004,2026-07-31,10655.48,149,2,Manual Payment (Bank),paid,1,0,1
29,COB/2026/00007,2026-07-30,17468.0,69,1,Manual Payment (Bank),in_process,1,0,1
4,COB/2026/00003,2026-07-30,4803.7,171,2,Manual Payment (Bank),paid,1,0,1
3,COB/2026/00002,2026-07-28,4192.32,143,2,Manual Payment (Bank),paid,0,0,1
2,COB/2026/00001,2026-07-28,4192.32,143,2,Manual Payment (Bank),paid,1,0,1
30,COB/2026/00008,2026-07-27,6987.2,42,1,Manual Payment (Bank),paid,1,0,1
24,COB/2026/00004,2026-07-27,6987.2,42,1,Manual Payment (Bank),paid,0,0,1
37,COB/2026/00015,2026-05-28,5153.06,74,1,Manual Payment (Bank),paid,1,0,1
38,COB/2026/00014,2026-05-28,5153.06,74,1,Manual Payment (Bank),paid,1,0,1
26,COB/2026/00005,2026-02-11,65505.0,68,1,Manual Payment (Bank),in_process,1,0,1
28,COB/2025/00001,2025-02-28,786.06,69,1,Manual Payment (Bank),in_process,1,0,1
