id_cliente,cliente,tiene_rnc,tiene_correo,tiene_telefono,tipo,tipo_contribuyente,actividad_economica,estado_dgii,regimen_pago,inicio_operaciones,verificado_dgii,id_cliente_matriz,es_sucursal,pais
205,Hector Rosario Castro,0,0,0,Persona física,taxpayer,Sin registrar,Sin verificar,Sin registrar,,0,205,0,Sin registrar
54,Servicios Barahona SAS,1,0,1,Empresa,taxpayer,"VENTA AL POR MAYOR DE PRODUCTOS EN GENERAL EN ALMACENES Y SUPERMERCADOS MAYORISTAS, CON PREDOMINIO DE ALIMENTOS Y BEBIDAS",SUSPENDIDO,NORMAL,12/12/2019,1,54,0,Sin registrar
207,Fernando Encarnacion Rosario,0,0,0,Persona física,taxpayer,Sin registrar,Sin verificar,Sin registrar,,0,207,0,Sin registrar
132,Manuel Hiciano Polanco,1,0,1,Persona física,taxpayer,COLMADOS,ACTIVO,NORMAL,,1,132,0,Sin registrar
64,Milagros Severino Polanco,1,0,1,Persona física,taxpayer,COLMADOS,SUSPENDIDO,NORMAL,,1,64,0,Sin registrar
203,Distribuidora del Este SRL,0,0,0,Empresa,taxpayer,Sin registrar,Sin verificar,Sin registrar,,0,203,0,Sin registrar
199,Milagros Dominguez Jimenez,0,0,0,Persona física,taxpayer,Sin registrar,Sin verificar,Sin registrar,,0,199,0,Sin registrar
81,Seguridad Barahona EIRL,1,0,1,Empresa,taxpayer,SERVICIOS DE PUBLICIDAD,ACTIVO,NORMAL,16/06/2017,1,81,0,Sin registrar
221,Fernando Valdez Montero,1,0,0,Persona física,taxpayer,"VENTA AL POR MENOR DE PARTES, PIEZAS Y ACCESORIOS EXCEPTO NEUMÁTICOS, CUBIERTAS, PARABRISAS Y BATERÍAS",ACTIVO,RST,04/01/2007,1,221,0,Sin registrar
50,Editorial Cibao EIRL,1,0,1,Empresa,taxpayer,SERVICIOS DE ASOCIACIONES N.C.P.,ACTIVO,NORMAL,02/03/1998,1,50,0,Sin registrar
88,Farmaceutica Samana EIRL,1,0,1,Empresa,taxpayer,SERVICIOS DE ASOCIACIONES N.C.P.,ACTIVO,NORMAL,08/08/1994,1,88,0,Sin registrar
115,Consultores Samana SRL,1,0,1,Empresa,taxpayer,CONSTR. REFORMA Y REPARACIÓN DE EDIFICIOS RESIDENCIALES (INCL. CONSTRUC. REFORMA Y REPARACIÓN DE VIVIENDAS UNIFAMILIARES Y MULTIFA,ACTIVO,NORMAL,10/09/2021,1,115,0,Sin registrar
126,Alimentos del Este SAS,1,0,0,Empresa,taxpayer,"VENTA AL POR MAYOR DE PARTES, PIEZAS Y ACCESORIOS DE VEHÍCULOS AUTOMOTORES",SUSPENDIDO,NORMAL,21/04/2021,1,126,0,Sin registrar
231,Dalia Rosario Dominguez,0,0,0,Persona física,taxpayer,Sin registrar,Sin verificar,Sin registrar,,0,231,0,Sin registrar
185,Comercial del Norte SA,0,0,0,Empresa,taxpayer,Sin registrar,Sin verificar,Sin registrar,,0,185,0,Sin registrar
254,Juan Lantigua Lantigua,0,0,0,Persona física,taxpayer,Sin registrar,Sin verificar,Sin registrar,,0,254,0,Sin registrar
14,Rafael Polanco Medina,1,1,1,Persona física,taxpayer,Sin registrar,Sin verificar,Sin registrar,,0,14,0,Sin registrar
251,Metalurgica La Vega SRL,0,0,0,Empresa,taxpayer,Sin registrar,Sin verificar,Sin registrar,,0,251,0,Dominican Republic
255,Inversiones Haina SRL,0,0,0,Empresa,taxpayer,Sin registrar,Sin verificar,Sin registrar,,0,255,0,Dominican Republic
46,Distribuidora La Vega SRL,1,0,1,Empresa,taxpayer,"PROVISIÓN DE COMIDAS PREPARADAS PARA EMPRESAS (INCL. EL SERV DE CATERING, EL SUMINISTRO DE COMIDAS PARA BANQUETES, BODAS, FIESTAS Y OTRAS CELEBRACIONES, ETC.)",SUSPENDIDO,NORMAL,26/04/2023,1,46,0,Sin registrar
240,Minerva Polanco Ventura,0,0,0,Persona física,foreigner,Sin registrar,Sin verificar,Sin registrar,,0,240,0,Argentina
198,Rosa Hiciano Severino,0,0,0,Persona física,taxpayer,Sin registrar,Sin verificar,Sin registrar,,0,198,0,Sin registrar
206,Noemi Severino Severino,0,0,0,Persona física,taxpayer,Sin registrar,Sin verificar,Sin registrar,,0,206,0,Sin registrar
120,Seguridad Bavaro SA,1,0,1,Empresa,taxpayer,"SERVICIOS INMOBILIARIOS REALIZADOS A CAMBIO DE UNA RETRIB. O POR CONTRATA (INCL. COMPRA, VENTA, ALQUILER, REMATE, TASACIÓN, ADM DE",SUSPENDIDO,NORMAL,19/12/2019,1,120,0,Sin registrar
178,Clara Tavarez Valdez,1,0,0,Persona física,taxpayer,Sin registrar,Sin verificar,Sin registrar,,0,178,0,Sin registrar
156,Ernesto Cedeno Peralta,1,0,1,Persona física,taxpayer,"MANTENIMIENTO Y REPARACIÓN DEL MOTOR N.C.P.; MECÁNICA INTEGRAL (INCL. AUXILIO Y SERV. DE GRÚA PARA AUTOMOTORES, INST. Y REPAR. DE",ACTIVO,RST,10/06/2010,1,156,0,Dominican Republic
197,Belkis Valdez Valdez,0,0,0,Persona física,taxpayer,Sin registrar,Sin verificar,Sin registrar,,0,197,0,Sin registrar
150,Pedro Ventura Polanco,1,0,1,Persona física,taxpayer,Sin registrar,Sin verificar,Sin registrar,,0,150,0,Sin registrar
58,Hector Ventura Mejia,1,0,1,Persona física,taxpayer,COLMADOS,SUSPENDIDO,NORMAL,,1,58,0,Sin registrar
69,Inversiones Duarte SA,1,0,1,Empresa,taxpayer,"VENTA AL POR MENOR DE ROPA INTERIOR, MEDIAS, PRENDAS PARA DORMIR Y PARA LA PLAYA (INCL. CORSETERÍA, LENCERÍA, CAMISETAS, MEDIAS EX",ACTIVO,NORMAL,14/02/2022,1,69,0,Sin registrar
68,Metalurgica San Isidro SRL,1,0,1,Empresa,taxpayer,"CONFECCIÓN DE PRENDAS DE VESTIR N.C.P., EXCEPTO LAS DE PIEL, CUERO Y SUCEDÁNEOS, PILOTOS E IMPERMEABLES",ACTIVO,NORMAL,25/10/2016,1,68,0,Sin registrar
82,Servicios Monte Plata SAS,1,0,1,Empresa,taxpayer,"SERVICIOS DE ASESORAMIENTO, DIRECCIÓN Y GESTIÓN EMPRESARIAL N.C.P.",ACTIVO,NORMAL,09/03/2017,1,82,0,Sin registrar
209,Pedro Bautista Medina,0,0,0,Persona física,taxpayer,Sin registrar,Sin verificar,Sin registrar,,0,209,0,Sin registrar
97,Hector Bautista Peralta,1,0,1,Persona física,taxpayer,COLMADOS,SUSPENDIDO,NORMAL,17/07/2009,1,97,0,Sin registrar
51,Inmobiliaria San Isidro SAS,1,0,1,Empresa,taxpayer,"SERVICIO DE TRANSPORTE AUTOMOTOR INTERURBANO DE PASAJEROS (INCL. LOS SERV. DE TRANSP. REGULAR DE MÁS DE 50 KM, LOS LLAMADOS SERVICIOS DE LARGA DISTANCIA)",ACTIVO,NORMAL,23/08/2017,1,51,0,Sin registrar
108,Servicios Hispaniola SRL,1,0,1,Empresa,taxpayer,"CONSTRUCCION, REFORMA Y REPARACIÓN DE CALLES, CAMINOS, PUENTES, TUNELES, AEROPUERTOS.",ACTIVO,NORMAL,03/09/2020,1,108,0,Sin registrar
143,Minerva Hiciano Encarnacion,0,0,0,Persona física,taxpayer,Sin registrar,Sin verificar,Sin registrar,,0,143,0,Sin registrar
243,Seguridad Haina SRL,1,0,1,Empresa,taxpayer,COLMADOS,ACTIVO,NORMAL,,1,243,0,Sin registrar
250,Farmaceutica La Vega SA,0,0,0,Empresa,taxpayer,Sin registrar,Sin verificar,Sin registrar,,0,250,0,Dominican Republic
6,Alimentos Hispaniola SRL,0,0,0,Empresa,taxpayer,Sin registrar,Sin verificar,Sin registrar,,0,6,0,Sin registrar
65,Textiles Ozama EIRL,1,0,1,Empresa,taxpayer,"VENTA AL POR MENOR DE PRODUCTOS ALIMENTARIOS N.C.P., EN COMERCIOS ESPECIALIZADOS",SUSPENDIDO,NORMAL,25/08/2022,1,65,0,Sin registrar
94,Tecnologia Quisqueya SRL,1,0,1,Empresa,taxpayer,SERVICIOS ODONTOLÓGICOS,ACTIVO,NORMAL,08/11/2019,1,94,0,Sin registrar
212,Jose Guerrero Dominguez,0,1,0,Persona física,taxpayer,Sin registrar,Sin verificar,Sin registrar,,0,212,0,Sin registrar
60,Consultores Ozama SAS,1,0,1,Empresa,taxpayer,VENTA AL POR MENOR EN ALMACENES CON PREDOMINIO DE PRODUCTOS ALIMENTARIOS Y BEBIDAS,ACTIVO,NORMAL,22/03/2023,1,60,0,Sin registrar
48,Tecnologia Haina SA,1,0,1,Empresa,taxpayer,"VENTA AL POR MAYOR DE PRODUCTOS EN GENERAL EN ALMACENES Y SUPERMERCADOS MAYORISTAS, CON PREDOMINIO DE ALIMENTOS Y BEBIDAS",ACTIVO,NORMAL,30/03/2016,1,48,0,Sin registrar
49,Josefina Bautista Encarnacion,1,0,1,Persona física,taxpayer,Sin registrar,Sin verificar,Sin registrar,,0,49,0,Sin registrar
124,Importadora Los Alcarrizos SRL,1,0,1,Empresa,taxpayer,"VENTA AL POR MENOR DE PRODUCTOS ALIMENTARIOS N.C.P., EN COMERCIOS ESPECIALIZADOS",ACTIVO,NORMAL,19/07/2024,1,124,0,Sin registrar
73,Importadora Duarte SAS,1,0,1,Empresa,taxpayer,VENTA AL POR MENOR EN ALMACENES CON PREDOMINIO DE PRODUCTOS ALIMENTARIOS Y BEBIDAS,ACTIVO,NORMAL,05/04/2022,1,73,0,Sin registrar
57,Inversiones Jarabacoa SAS,1,0,1,Empresa,taxpayer,"FABRICACIÓN DE COSMÉTICOS, PERFUMES Y PRODUCTOS DE HIGIENE Y TOCADOR",ACTIVO,NORMAL,29/11/2022,1,57,0,Sin registrar
248,Textiles Monte Plata SRL,0,0,1,Empresa,taxpayer,Sin registrar,Sin verificar,Sin registrar,,0,248,0,Dominican Republic
101,Dalia Sanchez Pujols,1,0,1,Persona física,taxpayer,INGENIERO AGRÓNOMO,SUSPENDIDO,NORMAL,11/06/2019,1,101,0,Sin registrar
215,Hector Peralta Nunez,0,0,0,Persona física,taxpayer,Sin registrar,Sin verificar,Sin registrar,,0,215,0,Sin registrar
256,Editorial Ozama SRL,0,0,0,Empresa,taxpayer,Sin registrar,Sin verificar,Sin registrar,,0,256,0,Sin registrar
147,Refrigeracion del Norte SRL,1,0,1,Empresa,taxpayer,Sin registrar,Sin verificar,Sin registrar,,0,147,0,Sin registrar
148,Juan Dominguez Tavarez,1,0,1,Persona física,taxpayer,Sin registrar,Sin verificar,Sin registrar,,0,147,1,Sin registrar
47,Logistica Hispaniola SRL,1,0,1,Empresa,taxpayer,SERVICIO DE TRANSPORTE AUTOMOTOR DE PASAJEROS N.C.P.,SUSPENDIDO,NORMAL,23/10/2019,1,47,0,Sin registrar
220,Inmobiliaria Bavaro SRL,1,0,0,Empresa,taxpayer,SERVICIO DE TRANSPORTE AUTOMOTOR DE PASAJEROS N.C.P.,SUSPENDIDO,NORMAL,10/12/2020,1,220,0,Dominican Republic
244,Ramon Tavarez Montero,0,0,0,Persona física,taxpayer,Sin registrar,Sin verificar,Sin registrar,,0,244,0,Sin registrar
235,Logistica San Isidro SRL,0,0,0,Empresa,taxpayer,Sin registrar,Sin verificar,Sin registrar,,0,235,0,Sin registrar
234,Scarlet Peralta Pujols,0,1,1,Persona física,taxpayer,Sin registrar,Sin verificar,Sin registrar,,0,234,0,Sin registrar
70,Comercial Ozama SRL,1,0,1,Empresa,taxpayer,FABRICACIÓN DE ALFOMBRAS,ACTIVO,NORMAL,19/11/2018,1,70,0,Sin registrar
110,Farmaceutica Villa Mella SA,1,0,1,Empresa,taxpayer,VENTA AL POR MENOR DE EQUIPOS Y MATERIALES ELECTRICOS,ACTIVO,NORMAL,13/07/2020,1,110,0,Sin registrar
96,Logistica Haina SRL,1,0,1,Empresa,taxpayer,SERVICIOS ODONTOLÓGICOS,SUSPENDIDO,NORMAL,20/08/2021,1,96,0,Sin registrar
224,Alimentos San Isidro EIRL,1,0,0,Empresa,taxpayer,SERVICIOS DE FOTOGRAFÍA,ACTIVO,RST,02/01/2019,1,224,1,Sin registrar
129,Alimentos San Isidro EIRL,1,0,1,Empresa,taxpayer,SERVICIOS DE FOTOGRAFÍA,ACTIVO,RST,02/01/2019,1,129,0,Sin registrar
61,Nurys Rosario Cedeno,1,0,1,Persona física,taxpayer,SERVICIOS JURÍDICOS,ACTIVO,NORMAL,17/08/2001,1,61,0,Sin registrar
202,Farmaceutica Monte Plata SRL,0,0,0,Empresa,taxpayer,Sin registrar,Sin verificar,Sin registrar,,0,202,0,Sin registrar
71,Suministros San Isidro SAS,1,0,1,Empresa,taxpayer,OPERADORAS DE ZONAS FRANCAS,ACTIVO,NORMAL,10/07/2019,1,71,0,Sin registrar
195,Ernesto Pujols Polanco,0,0,0,Persona física,taxpayer,Sin registrar,Sin verificar,Sin registrar,,0,195,0,Sin registrar
164,Belkis Montero Sanchez,1,0,1,Persona física,taxpayer,PROCESAMIENTO DE CARNES FRESCAS REFRIGERADAS O CONGELADAS EN TROZOS,SUSPENDIDO,NORMAL,21/05/2009,1,164,0,Dominican Republic
95,Tecnologia San Isidro SRL,1,0,1,Empresa,taxpayer,FABRICACIÓN DE MATERIAS PLÁSTICAS EN FORMAS PRIMARIAS N.C.P.,ACTIVO,NORMAL,18/06/2020,1,95,0,Sin registrar
78,Agropecuaria Duarte EIRL,1,0,1,Empresa,taxpayer,"SERVICIOS PARA EL MANTENIMIENTO FÍSICO-CORPORAL (INCL. BAÑOS TURCOS, SAUNAS, SOLARIOS, CENTROS DE MASAJES Y ADELGAZAMIENTO, ETC.)",SUSPENDIDO,NORMAL,30/12/2020,1,78,0,Sin registrar
89,Distribuidora Villa Mella SRL,1,0,1,Empresa,taxpayer,"SERVICIOS DE TRANSPORTE DE MERCADERÍAS A GRANEL, INCLUIDO EL TRANSPORTE POR CAMIÓN CISTERNA",ACTIVO,NORMAL,03/03/2014,1,89,0,Sin registrar
84,Consultores del Este SRL,1,0,1,Empresa,taxpayer,CONSTR. REFORMA Y REPARACIÓN DE EDIFICIOS RESIDENCIALES (INCL. CONSTRUC. REFORMA Y REPARACIÓN DE VIVIENDAS UNIFAMILIARES Y MULTIFA,ACTIVO,NORMAL,28/08/2020,1,84,0,Sin registrar
192,Noemi Rosario Guerrero,1,0,0,Persona física,taxpayer,Sin registrar,Sin verificar,Sin registrar,,0,192,0,Dominican Republic
161,Josefina Bautista Mejia,1,0,1,Persona física,taxpayer,VENTA AL POR MENOR DE PRENDAS DE VESTIR,SUSPENDIDO,NORMAL,08/11/2006,1,161,0,Dominican Republic
90,Agropecuaria Hispaniola SRL,1,0,1,Empresa,taxpayer,SERVICIO DE MENSAJERÍA (COURRIER),SUSPENDIDO,NORMAL,11/04/2018,1,90,0,Sin registrar
194,Yudelka Dominguez Tavarez,1,0,0,Persona física,taxpayer,Sin registrar,Sin verificar,Sin registrar,,0,194,0,Dominican Republic
119,Consultores Quisqueya SRL,1,0,0,Empresa,taxpayer,SERVICIOS DE ARQUITECTURA E INGENIERÍA Y SERVICIOS CONEXOS DE ASESORAMIENTO TÉCNICO N.C.P.,ACTIVO,NORMAL,03/12/2021,1,119,0,Sin registrar
112,Editorial Boca Chica SAS,1,0,1,Empresa,taxpayer,"SERVICIOS DE FINANCIACIÓN Y ACTIVIDADES FINANCIERAS N.C.P. (INCL. ACTIV. DE INVERSIÓN EN ACCIONES, TÍTULOS, FONDOS COMUNES DE INVE",ACTIVO,NORMAL,11/07/2018,1,112,0,Sin registrar
134,Editorial San Isidro SA,1,0,1,Empresa,taxpayer,"VENTA AL POR MAYOR DE PRODUCTOS EN GENERAL EN ALMACENES Y SUPERMERCADOS MAYORISTAS, CON PREDOMINIO DE ALIMENTOS Y BEBIDAS",ACTIVO,NORMAL,27/05/2025,1,134,0,Sin registrar
59,Inmobiliaria Hispaniola SRL,1,0,1,Empresa,taxpayer,CONSTR. REFORMA Y REPARACIÓN DE EDIFICIOS RESIDENCIALES (INCL. CONSTRUC. REFORMA Y REPARACIÓN DE VIVIENDAS UNIFAMILIARES Y MULTIFA,SUSPENDIDO,NORMAL,20/09/2023,1,59,0,Sin registrar
127,Inversiones Villa Mella SAS,1,0,0,Empresa,taxpayer,VENTA AL POR MAYOR DE DESPERDICIOS Y DESECHOS TEXTILES,SUSPENDIDO,NORMAL,03/05/2024,1,127,0,Sin registrar
171,Altagracia Valdez Rosario,1,0,1,Persona física,taxpayer,Sin registrar,Sin verificar,Sin registrar,,0,171,0,Sin registrar
208,Milagros Bautista Peralta,0,0,0,Persona física,taxpayer,Sin registrar,Sin verificar,Sin registrar,,0,208,0,Sin registrar
200,Ernesto Guerrero Lantigua,0,0,0,Persona física,taxpayer,Sin registrar,Sin verificar,Sin registrar,,0,200,0,Sin registrar
170,Francisco Bautista Cedeno,1,0,1,Persona física,taxpayer,Sin registrar,Sin verificar,Sin registrar,,0,170,0,Sin registrar
146,Ingrid Valdez Bautista,0,0,1,Persona física,taxpayer,Sin registrar,Sin verificar,Sin registrar,,0,146,0,Dominican Republic
111,Julio Severino Reynoso,1,0,1,Persona física,taxpayer,SERVICIOS DE FOTOGRAFÍA,SUSPENDIDO,NORMAL,08/08/2014,1,111,0,Sin registrar
168,Dalia Dominguez Hiciano,1,0,1,Persona física,taxpayer,"PREPARACIÓN Y VENTA DE COMIDAS PARA LLEVAR N.C.P. (INCL. CASAS DE COMIDAS, ROTISERÍAS Y DEMÁS LUGARES QUE NO POSEAN ESPACIO PARA E",SUSPENDIDO,NORMAL,23/04/2021,1,168,0,Dominican Republic
158,Esperanza Jimenez Lantigua,1,0,1,Persona física,taxpayer,Sin registrar,Sin verificar,Sin registrar,,0,158,0,Sin registrar
260,Transporte La Vega SRL,0,0,0,Empresa,taxpayer,Sin registrar,Sin verificar,Sin registrar,,0,260,0,Sin registrar
216,Pedro Encarnacion Montero,0,0,0,Persona física,taxpayer,Sin registrar,Sin verificar,Sin registrar,,0,216,0,Sin registrar
151,Minerva Montero Encarnacion,1,0,1,Persona física,taxpayer,SERVICIOS JURÍDICOS,SUSPENDIDO,NORMAL,13/06/2011,1,151,0,Dominican Republic
87,Servicios Samana SAS,1,0,1,Empresa,taxpayer,VENTA AL POR MAYOR DE MERCANCÍAS N.C.P.,ACTIVO,RST,03/09/2023,1,87,0,Sin registrar
74,Refrigeracion San Isidro SRL,1,0,1,Empresa,taxpayer,SERVICIOS DE ARQUITECTURA E INGENIERÍA Y SERVICIOS CONEXOS DE ASESORAMIENTO TÉCNICO N.C.P.,ACTIVO,NORMAL,23/05/2022,1,74,0,Sin registrar
149,Francisco Montero Pujols,1,0,1,Persona física,taxpayer,VENTA AL POR MENOR EN ALMACENES CON PREDOMINIO DE PRODUCTOS ALIMENTARIOS Y BEBIDAS,SUSPENDIDO,NORMAL,16/10/2007,1,149,0,Sin registrar
130,Seguridad Higuey EIRL,1,0,0,Empresa,taxpayer,GIMNASIOS,CESE TEMPORAL,NORMAL,24/07/2025,1,130,0,Sin registrar
79,Servicios Barahona EIRL,1,0,1,Empresa,taxpayer,"FABRICACIÓN DE COSMÉTICOS, PERFUMES Y PRODUCTOS DE HIGIENE Y TOCADOR",ACTIVO,NORMAL,11/02/2021,1,79,0,Sin registrar
218,Angel Mejia Abreu,0,0,0,Persona física,taxpayer,Sin registrar,Sin verificar,Sin registrar,,0,218,0,Sin registrar
91,Distribuidora Boca Chica SA,1,0,1,Empresa,taxpayer,TRANSPORTE EN GENERAL,ACTIVO,NORMAL,05/12/2018,1,91,0,Sin registrar
214,Victor Hiciano Medina,0,0,0,Persona física,taxpayer,Sin registrar,Sin verificar,Sin registrar,,0,214,0,Sin registrar
103,Metalurgica Samana SRL,1,0,1,Empresa,taxpayer,"SERVICIOS INMOBILIARIOS REALIZADOS A CAMBIO DE UNA RETRIB. O POR CONTRATA (INCL. COMPRA, VENTA, ALQUILER, REMATE, TASACIÓN, ADM DE",ACTIVO,RST,25/09/2020,1,103,0,Sin registrar
167,Eduardo Cedeno Montero,1,0,1,Persona física,taxpayer,Sin registrar,Sin verificar,Sin registrar,,0,167,0,Sin registrar
159,Julio Medina Jimenez,1,0,1,Persona física,taxpayer,SERVICIOS DE PELUQUERÍA,SUSPENDIDO,NORMAL,16/01/2024,1,159,0,Dominican Republic
162,Jose Abreu Abreu,1,0,1,Persona física,taxpayer,PRÉSTAMO DE DINERO FUERA DEL SISTEMA BANCARIO,SUSPENDIDO,NORMAL,,1,162,0,Dominican Republic
165,Milagros Dominguez Dominguez,1,0,1,Persona física,taxpayer,Sin registrar,Sin verificar,Sin registrar,,0,165,0,Sin registrar
241,Tecnologia Duarte EIRL,0,0,0,Empresa,taxpayer,Sin registrar,Sin verificar,Sin registrar,,0,241,0,Dominican Republic
155,Alberto Hiciano Nunez,1,0,1,Persona física,taxpayer,Sin registrar,Sin verificar,Sin registrar,,0,155,0,Dominican Republic
252,Belkis Medina Nunez,1,0,0,Persona física,taxpayer,COLMADOS,SUSPENDIDO,NORMAL,11/03/2014,1,252,0,Sin registrar
98,Logistica Boca Chica SRL,1,0,1,Empresa,taxpayer,"REPARACION Y/O VENTA DE CELULARES, BEEPER Y APARATOS DE COMUNICACION",ACTIVO,NORMAL,13/11/2023,1,98,0,Sin registrar
242,Suministros del Caribe SRL,1,0,1,Empresa,taxpayer,COLMADOS,ACTIVO,NORMAL,,1,242,0,Sin registrar
210,Rafael Peralta Tavarez,0,0,0,Persona física,taxpayer,Sin registrar,Sin verificar,Sin registrar,,0,210,0,Sin registrar
53,Refrigeracion Samana SRL,1,0,1,Empresa,taxpayer,"VENTA AL POR MAYOR DE PRODUCTOS EN GENERAL EN ALMACENES Y SUPERMERCADOS MAYORISTAS, CON PREDOMINIO DE ALIMENTOS Y BEBIDAS",ACTIVO,NORMAL,26/04/2018,1,53,0,Sin registrar
133,Mercedes Valdez Mejia,1,0,1,Persona física,taxpayer,SERVICIOS RELACIONADOS CON LA SALUD HUMANA N.C.P.,ACTIVO,NORMAL,03/11/2009,1,133,0,Sin registrar
66,Julio Montero Montero,1,0,1,Persona física,taxpayer,SERVICIOS ODONTOLÓGICOS,SUSPENDIDO,NORMAL,07/07/2010,1,66,0,Sin registrar
109,Alberto Montero Pujols,1,0,1,Persona física,taxpayer,SERVICIOS RELACIONADOS CON LA SALUD HUMANA N.C.P.,ACTIVO,RST,04/09/2015,1,109,0,Sin registrar
62,Francisco Hiciano Polanco,1,0,1,Persona física,taxpayer,VENTA AL POR MENOR EN ALMACENES CON PREDOMINIO DE PRODUCTOS ALIMENTARIOS Y BEBIDAS,ACTIVO,NORMAL,14/02/2007,1,62,0,Sin registrar
152,Alberto Rosario Guerrero,1,1,1,Persona física,taxpayer,SERVICIOS JURÍDICOS,ACTIVO,NORMAL,,1,152,0,Dominican Republic
72,Transporte Boca Chica SA,1,0,1,Empresa,taxpayer,SERVICIOS DE PRODUCTORES Y ASESORES DE SEGUROS,SUSPENDIDO,NORMAL,09/07/2018,1,72,0,Sin registrar
145,Textiles San Isidro SRL,1,0,1,Empresa,taxpayer,Sin registrar,Sin verificar,Sin registrar,,0,145,0,Dominican Republic
253,Julio Valdez Medina,0,0,0,Persona física,taxpayer,Sin registrar,Sin verificar,Sin registrar,,0,253,0,Sin registrar
222,Comercial Bavaro EIRL,0,0,0,Empresa,taxpayer,Sin registrar,Sin verificar,Sin registrar,,0,222,0,Dominican Republic
191,Angel Severino Hiciano,1,0,0,Persona física,taxpayer,Sin registrar,Sin verificar,Sin registrar,,0,191,0,Sin registrar
157,Yudelka Peralta Peralta,1,0,1,Persona física,taxpayer,Sin registrar,Sin verificar,Sin registrar,,0,157,0,Sin registrar
166,Ernesto Dominguez Encarnacion,1,0,1,Persona física,taxpayer,Sin registrar,Sin verificar,Sin registrar,,0,166,0,Sin registrar
42,Comercial del Caribe SRL,0,1,1,Empresa,taxpayer,Sin registrar,Sin verificar,Sin registrar,,0,42,0,Sin registrar
43,Eduardo Cedeno Castro,0,1,1,Persona física,taxpayer,Sin registrar,Sin verificar,Sin registrar,,0,42,1,Sin registrar
232,Rafael Castro Rosario,0,1,1,Persona física,taxpayer,Sin registrar,Sin verificar,Sin registrar,,0,232,0,Sin registrar
204,Juan Encarnacion Bautista,0,0,0,Persona física,taxpayer,Sin registrar,Sin verificar,Sin registrar,,0,204,0,Sin registrar
77,Dalia Nunez Cedeno,1,0,1,Persona física,taxpayer,"VENTA AL POR MENOR DE PRODUCTOS ALIMENTARIOS N.C.P., EN COMERCIOS ESPECIALIZADOS",SUSPENDIDO,NORMAL,28/11/2006,1,77,0,Sin registrar
238,Angel Castro Cedeno,0,0,1,Persona física,taxpayer,Sin registrar,Sin verificar,Sin registrar,,0,238,0,Sin registrar
83,Editorial Barahona SRL,1,0,1,Empresa,taxpayer,"ELABORACIÓN DE PRODUCTOS DE PANADERÍA N.C.P. (INCL. ELABOR. DE CHURROS, PREPIZAS MASAS FRITAS, DE HOJALDRE, ETC.)",SUSPENDIDO,NORMAL,07/08/2018,1,83,0,Sin registrar
76,Logistica Barahona SRL,1,0,1,Empresa,taxpayer,"PROVISIÓN DE COMIDAS PREPARADAS PARA EMPRESAS (INCL. EL SERV DE CATERING, EL SUMINISTRO DE COMIDAS PARA BANQUETES, BODAS, FIESTAS Y OTRAS CELEBRACIONES, ETC.)",SUSPENDIDO,NORMAL,21/07/2022,1,76,0,Sin registrar
80,Importadora La Vega SAS,1,0,1,Empresa,taxpayer,SERVICIOS DE CONSULTORES EN INFORMÁTICA Y SUMINISTROS DE PROGRAMAS DE INFORMÁTICA,SUSPENDIDO,NORMAL,11/09/2020,1,80,0,Sin registrar
123,Inversiones Cibao SRL,1,0,1,Empresa,taxpayer,"VENTA AL POR MAYOR DE PRODUCTOS EN GENERAL EN ALMACENES Y SUPERMERCADOS MAYORISTAS, CON PREDOMINIO DE ALIMENTOS Y BEBIDAS",ACTIVO,NORMAL,20/06/2017,1,123,0,Sin registrar
114,Inmobiliaria Boca Chica SRL,1,0,1,Empresa,taxpayer,CONSTR. REFORMA Y REPARACIÓN DE EDIFICIOS RESIDENCIALES (INCL. CONSTRUC. REFORMA Y REPARACIÓN DE VIVIENDAS UNIFAMILIARES Y MULTIFA,ACTIVO,NORMAL,21/09/2023,1,114,0,Sin registrar
247,Metalurgica Haina SRL,1,0,1,Empresa,taxpayer,"VENTA AL POR MENOR DE HUEVOS, CARNE DE AVES Y PRODUCTOS DE GRANJA Y DE LA CAZA N.C.P.",SUSPENDIDO,NORMAL,19/07/2017,1,247,0,Sin registrar
93,Editorial Boca Chica SRL,1,0,1,Empresa,taxpayer,"VENTA AL POR MENOR DE HUEVOS, CARNE DE AVES Y PRODUCTOS DE GRANJA Y DE LA CAZA N.C.P.",SUSPENDIDO,NORMAL,20/02/2023,1,93,0,Sin registrar
117,Inmobiliaria Quisqueya SA,1,0,1,Empresa,taxpayer,SERVICIOS DE ASOCIACIONES N.C.P.,SUSPENDIDO,NORMAL,25/05/2022,1,117,0,Sin registrar
56,Tecnologia del Caribe SRL,1,0,1,Empresa,taxpayer,"OBRAS DE INGENIERÍA CIVIL N.C.P. (INCL. LOS TRABAJOS GRALES. DE CONSTRUC. PARA LA MINERÍA Y LA INDUSTRIA, DE CENTRALES ELÉCTRICAS",ACTIVO,NORMAL,10/02/2023,1,56,0,Sin registrar
169,Francisco Castro Guerrero,1,0,1,Persona física,taxpayer,"VENTA AL POR MENOR DE PARTES, PIEZAS Y ACCESORIOS EXCEPTO NEUMÁTICOS, CUBIERTAS, PARABRISAS Y BATERÍAS",SUSPENDIDO,NORMAL,12/10/2010,1,169,0,Dominican Republic
113,Angel Guerrero Tavarez,1,0,0,Persona física,taxpayer,"SERVICIOS DE CONTABILIDAD Y TENEDURÍA DE LIBROS, AUDITORÍA Y ASESORÍA FISCAL",SUSPENDIDO,NORMAL,01/05/2003,1,113,0,Sin registrar
75,Metalurgica Boca Chica SRL,1,0,0,Empresa,taxpayer,SERVICIOS DE PUBLICIDAD,SUSPENDIDO,NORMAL,31/01/2023,1,75,0,Sin registrar
92,Textiles San Isidro SAS,1,0,1,Empresa,taxpayer,"PROVISIÓN DE COMIDAS PREPARADAS PARA EMPRESAS (INCL. EL SERV DE CATERING, EL SUMINISTRO DE COMIDAS PARA BANQUETES, BODAS, FIESTAS Y OTRAS CELEBRACIONES, ETC.)",ACTIVO,NORMAL,20/12/2021,1,92,0,Sin registrar
213,Francisco Guerrero Tavarez,0,0,0,Persona física,taxpayer,Sin registrar,Sin verificar,Sin registrar,,0,213,0,Sin registrar
118,Transporte Ozama SRL,1,0,1,Empresa,taxpayer,RESTAURANTES DE COMIDA RÁPIDA,ACTIVO,NORMAL,22/03/2021,1,118,0,Sin registrar
245,Servicios Ozama SRL,1,0,1,Empresa,taxpayer,"ENSEÑANZA PARA ADULTOS Y SERVICIOS DE ENSEÑANZA N.C.P. (INCL. INSTRUCCIÓN IMPARTIDA MEDIANTE PROG. DE RADIO, TV, CORRESPONDENCIA Y",ACTIVO,NORMAL,16/10/2025,1,245,0,Sin registrar
160,Pedro Valdez Pujols,1,0,1,Persona física,taxpayer,Sin registrar,Sin verificar,Sin registrar,,0,160,0,Sin registrar
239,Esperanza Montero Bautista,0,0,0,Persona física,taxpayer,Sin registrar,Sin verificar,Sin registrar,,0,239,0,Sin registrar
116,Milagros Mejia Bautista,1,0,1,Persona física,taxpayer,VENTA AL POR MENOR DE FIAMBRES Y EMBUTIDOS,SUSPENDIDO,NORMAL,16/01/2017,1,116,0,Sin registrar
121,Distribuidora Samana SAS,1,0,1,Empresa,taxpayer,SERVICIOS DE SEGUROS A LAS PERSONAS EXCEPTO LOS DE SALUD Y DE VIDA (INCL. LOS SEGUROS DE ACCIDENTES),SUSPENDIDO,NORMAL,25/04/2024,1,121,0,Sin registrar
196,Juan Pujols Dominguez,0,0,0,Persona física,taxpayer,Sin registrar,Sin verificar,Sin registrar,,0,196,0,Sin registrar
67,Distribuidora Duarte SRL,1,0,1,Empresa,taxpayer,CONSTR. REFORMA Y REPARACIÓN DE EDIFICIOS RESIDENCIALES (INCL. CONSTRUC. REFORMA Y REPARACIÓN DE VIVIENDAS UNIFAMILIARES Y MULTIFA,ACTIVO,NORMAL,03/09/2020,1,67,0,Sin registrar
106,Constructora Samana SRL,1,0,1,Empresa,taxpayer,"SERVICIOS DE ALOJAMIENTO EN HOTELES, HOSTERÍAS Y RESIDENCIALES SIMILARES, EXCEPTO POR HORA, QUE NO INCLUYEN SERVICIO DE RESTAURANTE AL PÚBLICO",ACTIVO,NORMAL,26/02/2021,1,106,0,Sin registrar
104,Constructora Samana SRL,1,0,1,Empresa,taxpayer,"SERVICIOS DE ALOJAMIENTO EN HOTELES, HOSTERÍAS Y RESIDENCIALES SIMILARES, EXCEPTO POR HORA, QUE NO INCLUYEN SERVICIO DE RESTAURANTE AL PÚBLICO",ACTIVO,NORMAL,26/02/2021,1,104,0,Sin registrar
128,Inmobiliaria La Vega SAS,1,0,1,Empresa,taxpayer,VENTA AL POR MENOR DE ELECTRODOMÉSTICOS,ACTIVO,NORMAL,06/04/2017,1,128,0,Sin registrar
86,Constructora Los Alcarrizos EIRL,1,0,0,Empresa,taxpayer,"INSTALACIÓN DE VENTILADOR, REFRIGERACIÓN O AIRE ACONDICIONADO O CONDUCTOS",ACTIVO,NORMAL,30/10/2023,1,86,0,Sin registrar
219,Suministros San Isidro SRL,1,0,0,Empresa,taxpayer,"SERVICIOS DE FEDERACIONES, ASOCIACIONES, CÁMARAS, GREMIOS Y ORGANIZACIONES SIMILARES",ACTIVO,NORMAL,12/05/1998,1,219,0,Sin registrar
131,Suministros Jarabacoa SAS,1,0,1,Empresa,taxpayer,OBTENCIÓN Y DOTACIÓN DE PERSONAL,ACTIVO,NORMAL,13/01/2026,1,131,0,Sin registrar
125,Inmobiliaria Bavaro SAS,1,0,1,Empresa,taxpayer,COLMADOS,SUSPENDIDO,NORMAL,01/01/2009,1,125,0,Sin registrar
63,Julio Reynoso Montero,1,0,1,Persona física,taxpayer,VENTA AL POR MENOR EN SUPERMERCADOS CON PREDOMINIO DE PRODUCTOS ALIMENTARIOS Y BEBIDAS,ACTIVO,NORMAL,22/06/2009,1,63,0,Sin registrar
18,Transporte Duarte SRL,1,0,0,Empresa,taxpayer,DISEÑADORES GRÁFICOS,ACTIVO,NORMAL,20/03/2018,1,18,0,Sin registrar
154,Esperanza Mejia Montero,1,0,1,Persona física,taxpayer,Sin registrar,Sin verificar,Sin registrar,,0,154,0,Dominican Republic
217,Consultores Bavaro SA,1,0,0,Empresa,taxpayer,Sin registrar,Sin verificar,Sin registrar,,0,217,0,Dominican Republic
257,Suministros Higuey SRL,0,0,0,Empresa,taxpayer,Sin registrar,Sin verificar,Sin registrar,,0,257,0,Sin registrar
144,Metalurgica del Este SRL,1,0,1,Empresa,taxpayer,Sin registrar,Sin verificar,Sin registrar,,0,144,0,Dominican Republic
122,Seguridad Samana SAS,1,0,1,Empresa,taxpayer,SERVICIOS DE ARQUITECTURA E INGENIERÍA Y SERVICIOS CONEXOS DE ASESORAMIENTO TÉCNICO N.C.P.,ACTIVO,NORMAL,25/03/2021,1,122,0,Sin registrar
186,Milagros Medina Nunez,1,0,0,Persona física,taxpayer,Sin registrar,Sin verificar,Sin registrar,,0,186,0,Sin registrar
85,Agropecuaria Villa Mella SRL,1,0,1,Empresa,taxpayer,SERVICIO DE TRANSPORTE AUTOMOTOR DE PASAJEROS N.C.P.,SUSPENDIDO,NORMAL,28/10/2019,1,85,0,Sin registrar
175,Juan Reynoso Polanco,1,0,0,Persona física,taxpayer,Sin registrar,Sin verificar,Sin registrar,,0,175,0,Sin registrar
99,Servicios La Vega SAS,1,0,1,Empresa,taxpayer,SERVICIO DE TRANSPORTE AUTOMOTOR URBANO REGULAR DE PASAJEROS (INCL. LOS SERVICIOS DE TRASP. REGULAR DE MENOS DE 50 KM.),ACTIVO,NORMAL,01/09/2017,1,99,0,Sin registrar
233,Ernesto Rosario Pujols,0,0,1,Persona física,taxpayer,Sin registrar,Sin verificar,Sin registrar,,0,233,0,Sin registrar
259,Inversiones Los Alcarrizos SRL,1,0,0,Empresa,taxpayer,"SERVICIOS INMOBILIARIOS REALIZADOS A CAMBIO DE UNA RETRIB. O POR CONTRATA (INCL. COMPRA, VENTA, ALQUILER, REMATE, TASACIÓN, ADM DE",ACTIVO,NORMAL,06/10/2021,1,259,0,Dominican Republic
102,Ernesto Bautista Encarnacion,1,0,1,Persona física,taxpayer,PERIODISTAS,ACTIVO,NORMAL,19/03/2019,1,102,0,Sin registrar
100,Julio Medina Castro,1,0,1,Persona física,taxpayer,"FABRICACIÓN DE PUERTAS METÁLICAS, VENTANAS Y SUS MARCOS, PUERTAS Y PERSIANAS",SUSPENDIDO,NORMAL,28/03/2014,1,100,0,Sin registrar
211,Yokasta Severino Ventura,0,0,0,Persona física,taxpayer,Sin registrar,Sin verificar,Sin registrar,,0,211,0,Sin registrar
153,Fernando Tavarez Severino,1,0,1,Persona física,taxpayer,Sin registrar,Sin verificar,Sin registrar,,0,153,0,Sin registrar
223,Yokasta Sanchez Bautista,1,0,0,Persona física,taxpayer,SERVICIOS DE PELUQUERÍA,ACTIVO,RST,03/08/2018,1,223,0,Sin registrar
201,Pedro Sanchez Abreu,0,0,0,Persona física,taxpayer,Sin registrar,Sin verificar,Sin registrar,,0,201,0,Sin registrar
163,Scarlet Peralta Ventura,1,0,1,Persona física,taxpayer,"EXTRACCIÓN DE PIEDRAS PRECIOSAS, CUARZO, MICA, ETC",SUSPENDIDO,NORMAL,13/01/2014,1,163,0,Dominican Republic
107,Eduardo Encarnacion Hiciano,1,0,1,Persona física,taxpayer,TRANSPORTE EN GENERAL,ACTIVO,NORMAL,09/07/2010,1,107,0,Sin registrar
105,Eduardo Encarnacion Hiciano,1,0,1,Persona física,taxpayer,TRANSPORTE EN GENERAL,ACTIVO,NORMAL,09/07/2010,1,105,0,Sin registrar
190,Carlos Pujols Montero,1,0,0,Persona física,taxpayer,Sin registrar,Sin verificar,Sin registrar,,0,190,0,Sin registrar
258,Ingrid Tavarez Medina,1,0,0,Persona física,taxpayer,Sin registrar,Sin verificar,Sin registrar,,0,258,0,Dominican Republic
177,Juan Nunez Mejia,1,0,0,Persona física,taxpayer,Sin registrar,Sin verificar,Sin registrar,,0,177,0,Sin registrar
228,Esperanza Montero Pujols,0,0,0,Persona física,taxpayer,Sin registrar,Sin verificar,Sin registrar,,0,228,0,Sin registrar
189,Eduardo Mejia Severino,1,0,0,Persona física,taxpayer,Sin registrar,Sin verificar,Sin registrar,,0,189,0,Dominican Republic
