id_factura,numero,clave_unica,ncf,prefijo_ncf,segmento_fiscal,fecha_factura,fecha_vencimiento,fecha_contable,plazo_credito_dias,es_migrada,origen_registro,antiguedad_confiable,dias_vencido,tramo_antiguedad,id_cliente,id_cliente_matriz,id_entidad,id_responsable,condicion_pago,monto_sin_impuesto,impuesto,monto_total,saldo_pendiente,monto_cobrado,estado_cobro,esta_pagada
329,FAC/2026/00076,1-FAC/2026/00076,B0273662415,B02,B2C - Consumo Final,2026-09-08,2026-09-08,2026-09-08,0,0,Creado en el sistema,1,4,1-30 días,259,259,1,22,Immediate Payment,21835.0,3930.3,25765.3,25765.3,0.0,not_paid,0
320,FAC/2026/00075,1-FAC/2026/00075,B0294622842,B02,B2C - Consumo Final,2026-09-04,2026-09-04,2026-09-04,0,0,Creado en el sistema,1,8,1-30 días,257,257,1,22,Immediate Payment,262020.0,47163.6,309183.6,309183.6,0.0,not_paid,0
319,FAC/2026/00074,1-FAC/2026/00074,B0210425793,B02,B2C - Consumo Final,2026-09-04,2026-09-04,2026-09-04,0,0,Creado en el sistema,1,8,1-30 días,256,256,1,22,Immediate Payment,305690.0,55024.2,360714.2,360714.2,0.0,not_paid,0
310,FAC/2026/00095,2-FAC/2026/00095,B0150291132,B01,B2B - Crédito Fiscal,2026-09-02,2026-09-02,2026-09-02,0,0,Creado en el sistema,1,10,1-30 días,150,150,2,25,,1746.8,0.0,1746.8,1746.8,0.0,not_paid,0
336,FAC/2026/00101,2-FAC/2026/00101,B0113277542,B01,B2B - Crédito Fiscal,2026-09-01,2026-09-10,2026-09-01,9,0,Creado en el sistema,1,,Cobrada,212,212,2,22,,10306.12,0.0,10306.12,0.0,10306.12,paid,1
327,FAC/2026/00100,2-FAC/2026/00100,B0194438550,B01,B2B - Crédito Fiscal,2026-09-01,2026-09-30,2026-09-01,29,0,Creado en el sistema,1,,Cobrada,153,153,2,25,,4803.7,0.0,4803.7,0.0,4803.7,paid,1
325,FAC/2026/00099,2-FAC/2026/00099,B0190722784,B01,B2B - Crédito Fiscal,2026-09-01,2026-09-11,2026-09-01,10,0,Creado en el sistema,1,,Cobrada,258,258,2,25,30 Days,4803.7,0.0,4803.7,0.0,4803.7,paid,1
323,FAC/2026/00098,2-FAC/2026/00098,B0169338267,B01,B2B - Crédito Fiscal,2026-09-01,2026-09-11,2026-09-01,10,0,Creado en el sistema,1,,Cobrada,189,189,2,25,30 Days,4803.7,0.0,4803.7,0.0,4803.7,paid,1
316,FAC/2026/00097,2-FAC/2026/00097,B0171049089,B01,B2B - Crédito Fiscal,2026-09-01,2026-09-11,2026-09-01,10,0,Creado en el sistema,1,,Cobrada,201,201,2,25,30 Days,4803.7,0.0,4803.7,0.0,4803.7,paid,1
312,FAC/2026/00096,2-FAC/2026/00096,B0159041162,B01,B2B - Crédito Fiscal,2026-09-01,2026-09-11,2026-09-01,10,0,Creado en el sistema,1,,Cobrada,190,190,2,25,30 Days,4803.7,0.0,4803.7,0.0,4803.7,paid,1
296,FAC/2026/00094,2-FAC/2026/00094,B0135417374,B01,B2B - Crédito Fiscal,2026-09-01,2026-09-01,2026-09-01,0,0,Creado en el sistema,1,11,1-30 días,204,204,2,1,,4803.7,0.0,4803.7,4803.7,0.0,not_paid,0
285,FAC/2026/00092,2-FAC/2026/00092,B0123277529,B01,B2B - Crédito Fiscal,2026-09-01,2026-09-11,2026-09-01,10,0,Creado en el sistema,1,,Cobrada,171,171,2,25,30 Days,4803.7,0.0,4803.7,0.0,4803.7,paid,1
277,FAC/2026/00091,2-FAC/2026/00091,B0144344849,B01,B2B - Crédito Fiscal,2026-09-01,2026-09-11,2026-09-01,10,0,Creado en el sistema,1,,Cobrada,253,253,2,25,30 Days,4803.7,0.0,4803.7,0.0,4803.7,paid,1
305,FAC/2026/00073,1-FAC/2026/00073,B0286282484,B02,B2C - Consumo Final,2026-09-01,2026-09-01,2026-09-01,0,0,Creado en el sistema,1,11,1-30 días,121,121,1,22,Immediate Payment,4367.0,0.0,4367.0,4367.0,0.0,not_paid,0
304,FAC/2026/00072,1-FAC/2026/00072,B0237847409,B02,B2C - Consumo Final,2026-09-01,2026-09-01,2026-09-01,0,0,Creado en el sistema,1,11,1-30 días,72,72,1,22,Immediate Payment,6113.8,0.0,6113.8,6113.8,0.0,not_paid,0
303,FAC/2026/00071,1-FAC/2026/00071,B0272690175,B02,B2C - Consumo Final,2026-09-01,2026-09-01,2026-09-01,0,0,Creado en el sistema,1,11,1-30 días,68,68,1,22,Immediate Payment,13653.55,0.0,13653.55,13653.55,0.0,not_paid,0
302,FAC/2026/00070,1-FAC/2026/00070,B0210171587,B02,B2C - Consumo Final,2026-09-01,2026-09-01,2026-09-01,0,0,Creado en el sistema,1,11,1-30 días,69,69,1,22,Immediate Payment,5153.06,0.0,5153.06,5153.06,0.0,not_paid,0
301,FAC/2026/00069,1-FAC/2026/00069,B0242223667,B02,B2C - Consumo Final,2026-09-01,2026-09-01,2026-09-01,0,0,Creado en el sistema,1,11,1-30 días,255,255,1,22,Immediate Payment,174680.0,31442.4,206122.4,206122.4,0.0,not_paid,0
297,FAC/2026/00068,1-FAC/2026/00068,B0257302933,B02,B2C - Consumo Final,2026-09-01,2026-09-01,2026-09-01,0,0,Creado en el sistema,1,11,1-30 días,94,94,1,22,Immediate Payment,30918.36,0.0,30918.36,30918.36,0.0,not_paid,0
106,FAC/2026/00066,2-FAC/2026/00066,B0187298940,B01,B2B - Crédito Fiscal,2026-09-01,2026-09-11,2026-09-01,10,0,Creado en el sistema,1,,Cobrada,177,177,2,25,30 Days,3668.28,0.0,3668.28,0.0,3668.28,paid,1
94,FAC/2026/00054,2-FAC/2026/00054,B0178244978,B01,B2B - Crédito Fiscal,2026-09-01,2026-09-11,2026-09-01,10,0,Creado en el sistema,1,,Cobrada,204,204,2,25,30 Days,8384.64,0.0,8384.64,0.0,8384.64,paid,1
25,FAC/2026/00002,2-FAC/2026/00002,B0123885686,B01,B2B - Crédito Fiscal,2026-09-01,2026-09-11,2026-09-01,10,0,Creado en el sistema,1,,Cobrada,143,143,2,25,30 Days,4192.32,0.0,4192.32,0.0,4192.32,paid,1
269,FAC/2026/00002,3-FAC/2026/00002,B0123885686,B01,B2B - Crédito Fiscal,2026-08-24,2026-09-30,2026-08-24,37,1,Migrado de sistema anterior,0,-18,Por vencer,252,252,3,22,,11091.75,0.0,11091.75,7598.15,3493.6,partial,0
267,FAC/2026/00066,1-FAC/2026/00066,B0253745528,B02,B2C - Consumo Final,2026-08-21,2026-08-21,2026-08-21,0,1,Migrado de sistema anterior,0,22,1-30 días,63,63,1,22,Immediate Payment,20524.9,0.0,20524.9,20524.9,0.0,not_paid,0
266,FAC/2026/00065,1-FAC/2026/00065,B0210430855,B02,B2C - Consumo Final,2026-08-21,2026-08-21,2026-08-21,0,1,Migrado de sistema anterior,0,,Cobrada,63,63,1,22,Immediate Payment,6987.2,1257.7,8244.9,0.0,8244.9,paid,1
265,FAC/2026/00064,1-FAC/2026/00064,B0254151859,B02,B2C - Consumo Final,2026-08-21,2026-08-21,2026-08-21,0,1,Migrado de sistema anterior,0,22,1-30 días,250,250,1,22,Immediate Payment,2183.5,393.03,2576.53,2576.53,0.0,not_paid,0
264,FAC/2026/00063,1-FAC/2026/00063,B0238548412,B02,B2C - Consumo Final,2026-08-21,2026-08-21,2026-08-21,0,1,Migrado de sistema anterior,0,22,1-30 días,251,251,1,22,Immediate Payment,3056.9,550.24,3607.14,3607.14,0.0,not_paid,0
247,FAC/2026/00089,2-FAC/2026/00089,B0152714160,B01,B2B - Crédito Fiscal,2026-08-20,2026-08-20,2026-08-20,0,1,Migrado de sistema anterior,0,23,1-30 días,241,241,2,22,,590028.86,0.0,590028.86,590028.86,0.0,not_paid,0
239,FAC/2026/00001,3-FAC/2026/00001,B0195162830,B01,B2B - Crédito Fiscal,2026-08-18,2026-08-18,2026-08-18,0,1,Migrado de sistema anterior,0,,Cobrada,239,239,3,22,Immediate Payment,8513.18,0.0,8513.18,0.0,8513.18,paid,1
226,FAC/2026/00040,1-FAC/2026/00040,B0199501084,B01,B2B - Crédito Fiscal,2026-08-14,2026-08-14,2026-08-14,0,1,Migrado de sistema anterior,0,,Cobrada,62,62,1,22,Immediate Payment,10480.8,0.0,10480.8,0.0,10480.8,paid,1
196,FAC/2026/00022,1-FAC/2026/00022,B0270972174,B02,B2C - Consumo Final,2026-08-14,2026-08-14,2026-08-14,0,1,Migrado de sistema anterior,0,,Cobrada,235,235,1,22,Immediate Payment,9432.72,0.0,9432.72,0.0,9432.72,paid,1
193,FAC/2026/00021,1-FAC/2026/00021,B0260174596,B02,B2C - Consumo Final,2026-08-13,2026-08-13,2026-08-13,0,1,Migrado de sistema anterior,0,,Cobrada,233,233,1,9,Immediate Payment,8734.0,0.0,8734.0,0.0,8734.0,paid,1
192,FAC/2026/00020,1-FAC/2026/00020,B0113746923,B01,B2B - Crédito Fiscal,2026-08-13,2026-08-13,2026-08-13,0,1,Migrado de sistema anterior,0,30,1-30 días,58,58,1,22,Immediate Payment,87340.0,0.0,87340.0,78606.0,8734.0,partial,0
117,FAC/2026/00075,2-FAC/2026/00075,B0164719531,B01,B2B - Crédito Fiscal,2026-08-05,2026-09-04,2026-08-05,30,1,Migrado de sistema anterior,0,8,1-30 días,220,220,2,25,30 Days,4803.7,0.0,4803.7,4803.7,0.0,not_paid,0
114,FAC/2026/00072,2-FAC/2026/00072,B0178282361,B01,B2B - Crédito Fiscal,2026-08-05,2026-09-04,2026-08-05,30,1,Migrado de sistema anterior,0,,Cobrada,219,219,2,25,30 Days,0.0,0.0,0.0,0.0,0.0,paid,1
331,FAC/2026/00003,3-FAC/2026/00003,B0195067927,B01,B2B - Crédito Fiscal,2026-08-05,2026-11-05,2026-08-05,92,1,Migrado de sistema anterior,0,-54,Por vencer,260,260,3,22,,69916.6,0.0,69916.6,36706.43,33210.16,partial,0
73,FAC/2026/00002,1-FAC/2026/00002,B0123885686,B01,B2B - Crédito Fiscal,2026-08-03,2026-08-03,2026-08-03,0,1,Migrado de sistema anterior,0,,Cobrada,61,61,1,22,,338879.2,0.0,338879.2,0.0,338879.2,paid,1
292,FAC/2026/00093,2-FAC/2026/00093,B0189121533,B01,B2B - Crédito Fiscal,2026-08-01,2026-08-31,2026-08-01,30,1,Migrado de sistema anterior,0,,Cobrada,254,254,2,25,,6474.51,0.0,6474.51,0.0,6474.51,paid,1
242,FAC/2026/00088,2-FAC/2026/00088,B0177831482,B01,B2B - Crédito Fiscal,2026-08-01,2026-08-11,2026-08-01,10,1,Migrado de sistema anterior,0,,Cobrada,240,240,2,25,30 Days,4803.7,0.0,4803.7,0.0,4803.7,paid,1
199,FAC/2026/00087,2-FAC/2026/00087,B0123517859,B01,B2B - Crédito Fiscal,2026-08-01,2026-08-11,2026-08-01,10,1,Migrado de sistema anterior,0,32,31-60 días,207,207,2,25,30 Days,4803.7,0.0,4803.7,4803.7,0.0,not_paid,0
197,FAC/2026/00086,2-FAC/2026/00086,B0187336561,B01,B2B - Crédito Fiscal,2026-08-01,2026-08-11,2026-08-01,10,1,Migrado de sistema anterior,0,,Cobrada,228,228,2,25,30 Days,7860.6,0.0,7860.6,0.0,7860.6,paid,1
126,FAC/2026/00084,2-FAC/2026/00084,B0136512798,B01,B2B - Crédito Fiscal,2026-08-01,2026-08-31,2026-08-01,30,1,Migrado de sistema anterior,0,12,1-30 días,129,129,2,25,30 Days,4803.7,0.0,4803.7,4803.7,0.0,not_paid,0
125,FAC/2026/00083,2-FAC/2026/00083,B0118233447,B01,B2B - Crédito Fiscal,2026-08-01,2026-08-31,2026-08-01,30,1,Migrado de sistema anterior,0,12,1-30 días,223,223,2,25,30 Days,4803.7,0.0,4803.7,4803.7,0.0,not_paid,0
124,FAC/2026/00082,2-FAC/2026/00082,B0149564333,B01,B2B - Crédito Fiscal,2026-08-01,2026-08-31,2026-08-01,30,1,Migrado de sistema anterior,0,12,1-30 días,222,222,2,25,30 Days,4803.7,0.0,4803.7,4803.7,0.0,not_paid,0
123,FAC/2026/00081,2-FAC/2026/00081,B0137719403,B01,B2B - Crédito Fiscal,2026-08-01,2026-08-31,2026-08-01,30,1,Migrado de sistema anterior,0,12,1-30 días,221,221,2,25,30 Days,4803.7,0.0,4803.7,4803.7,0.0,not_paid,0
122,FAC/2026/00080,2-FAC/2026/00080,B0135769828,B01,B2B - Crédito Fiscal,2026-08-01,2026-08-31,2026-08-01,30,1,Migrado de sistema anterior,0,12,1-30 días,94,94,2,25,30 Days,4803.7,0.0,4803.7,4803.7,0.0,not_paid,0
121,FAC/2026/00079,2-FAC/2026/00079,B0127148534,B01,B2B - Crédito Fiscal,2026-08-01,2026-08-31,2026-08-01,30,1,Migrado de sistema anterior,0,12,1-30 días,53,53,2,25,30 Days,4803.7,0.0,4803.7,4803.7,0.0,not_paid,0
120,FAC/2026/00078,2-FAC/2026/00078,B0130248528,B01,B2B - Crédito Fiscal,2026-08-01,2026-08-31,2026-08-01,30,1,Migrado de sistema anterior,0,12,1-30 días,85,85,2,25,30 Days,4803.7,0.0,4803.7,4803.7,0.0,not_paid,0
119,FAC/2026/00077,2-FAC/2026/00077,B0156318765,B01,B2B - Crédito Fiscal,2026-08-01,2026-08-31,2026-08-01,30,1,Migrado de sistema anterior,0,12,1-30 días,88,88,2,25,30 Days,4803.7,0.0,4803.7,4803.7,0.0,not_paid,0
118,FAC/2026/00076,2-FAC/2026/00076,B0116086536,B01,B2B - Crédito Fiscal,2026-08-01,2026-08-31,2026-08-01,30,1,Migrado de sistema anterior,0,12,1-30 días,51,51,2,25,30 Days,4803.7,0.0,4803.7,4803.7,0.0,not_paid,0
116,FAC/2026/00074,2-FAC/2026/00074,B0195289356,B01,B2B - Crédito Fiscal,2026-08-01,2026-08-31,2026-08-01,30,1,Migrado de sistema anterior,0,12,1-30 días,91,91,2,25,30 Days,4803.7,0.0,4803.7,4803.7,0.0,not_paid,0
115,FAC/2026/00073,2-FAC/2026/00073,B0157412031,B01,B2B - Crédito Fiscal,2026-08-01,2026-08-31,2026-08-01,30,1,Migrado de sistema anterior,0,12,1-30 días,219,219,2,25,30 Days,4803.7,0.0,4803.7,4803.7,0.0,not_paid,0
112,FAC/2026/00071,2-FAC/2026/00071,B0122242561,B01,B2B - Crédito Fiscal,2026-08-01,2026-08-31,2026-08-01,30,1,Migrado de sistema anterior,0,12,1-30 días,128,128,2,25,30 Days,17866.65,0.0,17866.65,17866.65,0.0,not_paid,0
111,FAC/2026/00070,2-FAC/2026/00070,B0124292977,B01,B2B - Crédito Fiscal,2026-08-01,2026-08-31,2026-08-01,30,1,Migrado de sistema anterior,0,12,1-30 días,92,92,2,25,30 Days,4803.7,0.0,4803.7,4803.7,0.0,not_paid,0
110,FAC/2026/00069,2-FAC/2026/00069,B0180133420,B01,B2B - Crédito Fiscal,2026-08-01,2026-08-31,2026-08-01,30,1,Migrado de sistema anterior,0,12,1-30 días,217,217,2,25,30 Days,9755.0,0.0,9755.0,9755.0,0.0,not_paid,0
108,FAC/2026/00068,2-FAC/2026/00068,B0180762715,B01,B2B - Crédito Fiscal,2026-08-01,2026-08-31,2026-08-01,30,1,Migrado de sistema anterior,0,12,1-30 días,216,216,2,25,30 Days,4803.7,0.0,4803.7,4803.7,0.0,not_paid,0
169,FAC/2026/00067,1-FAC/2026/00067,B0285786210,B02,B2C - Consumo Final,2026-08-01,2026-08-01,2026-08-01,0,1,Migrado de sistema anterior,0,42,31-60 días,94,94,1,12,Immediate Payment,30918.36,0.0,30918.36,30918.36,0.0,not_paid,0
107,FAC/2026/00067,2-FAC/2026/00067,B0171592567,B01,B2B - Crédito Fiscal,2026-08-01,2026-08-31,2026-08-01,30,1,Migrado de sistema anterior,0,12,1-30 días,215,215,2,25,30 Days,4192.32,0.0,4192.32,4192.32,0.0,not_paid,0
105,FAC/2026/00065,2-FAC/2026/00065,B0159981039,B01,B2B - Crédito Fiscal,2026-08-01,2026-08-31,2026-08-01,30,1,Migrado de sistema anterior,0,12,1-30 días,214,214,2,25,30 Days,4803.7,0.0,4803.7,4803.7,0.0,not_paid,0
104,FAC/2026/00064,2-FAC/2026/00064,B0115994751,B01,B2B - Crédito Fiscal,2026-08-01,2026-08-31,2026-08-01,30,1,Migrado de sistema anterior,0,12,1-30 días,213,213,2,25,30 Days,4803.7,0.0,4803.7,4803.7,0.0,not_paid,0
103,FAC/2026/00063,2-FAC/2026/00063,B0117386894,B01,B2B - Crédito Fiscal,2026-08-01,2026-08-10,2026-08-01,9,1,Migrado de sistema anterior,0,,Cobrada,212,212,2,25,,10306.12,0.0,10306.12,0.0,10306.12,paid,1
263,FAC/2026/00062,1-FAC/2026/00062,B0250169084,B02,B2C - Consumo Final,2026-08-01,2026-08-01,2026-08-01,0,1,Migrado de sistema anterior,0,42,31-60 días,221,221,1,22,Immediate Payment,698.72,0.0,698.72,698.72,0.0,not_paid,0
101,FAC/2026/00061,2-FAC/2026/00061,B0159523275,B01,B2B - Crédito Fiscal,2026-08-01,2026-08-31,2026-08-01,30,1,Migrado de sistema anterior,0,12,1-30 días,210,210,2,25,30 Days,4803.7,0.0,4803.7,4803.7,0.0,not_paid,0
100,FAC/2026/00060,2-FAC/2026/00060,B0117141944,B01,B2B - Crédito Fiscal,2026-08-01,2026-08-11,2026-08-01,10,1,Migrado de sistema anterior,0,,Cobrada,209,209,2,25,30 Days,4803.7,0.0,4803.7,0.0,4803.7,paid,1
99,FAC/2026/00059,2-FAC/2026/00059,B0123344368,B01,B2B - Crédito Fiscal,2026-08-01,2026-08-31,2026-08-01,30,1,Migrado de sistema anterior,0,12,1-30 días,208,208,2,25,30 Days,4192.32,0.0,4192.32,4192.32,0.0,not_paid,0
98,FAC/2026/00058,2-FAC/2026/00058,B0144411652,B01,B2B - Crédito Fiscal,2026-08-01,2026-08-11,2026-08-01,10,1,Migrado de sistema anterior,0,,Cobrada,178,178,2,25,30 Days,4803.7,0.0,4803.7,0.0,4803.7,paid,1
96,FAC/2026/00056,2-FAC/2026/00056,B0161150029,B01,B2B - Crédito Fiscal,2026-08-01,2026-08-31,2026-08-01,30,1,Migrado de sistema anterior,0,12,1-30 días,206,206,2,25,30 Days,4803.7,0.0,4803.7,4803.7,0.0,not_paid,0
95,FAC/2026/00055,2-FAC/2026/00055,B0128874322,B01,B2B - Crédito Fiscal,2026-08-01,2026-08-31,2026-08-01,30,1,Migrado de sistema anterior,0,12,1-30 días,205,205,2,25,30 Days,2620.2,0.0,2620.2,2620.2,0.0,not_paid,0
154,FAC/2026/00054,1-FAC/2026/00054,B0213926878,B02,B2C - Consumo Final,2026-08-01,2026-08-01,2026-08-01,0,1,Migrado de sistema anterior,0,,Cobrada,121,121,1,12,Immediate Payment,4367.0,0.0,4367.0,0.0,4367.0,paid,1
149,FAC/2026/00053,1-FAC/2026/00053,B0234345266,B02,B2C - Consumo Final,2026-08-01,2026-08-01,2026-08-01,0,1,Migrado de sistema anterior,0,,Cobrada,72,72,1,12,Immediate Payment,6113.8,0.0,6113.8,0.0,6113.8,paid,1
92,FAC/2026/00053,2-FAC/2026/00053,B0110172784,B01,B2B - Crédito Fiscal,2026-08-01,2026-08-11,2026-08-01,10,1,Migrado de sistema anterior,0,,Cobrada,186,186,2,25,30 Days,4803.7,0.0,4803.7,0.0,4803.7,paid,1
141,FAC/2026/00052,1-FAC/2026/00052,B0170007451,B01,B2B - Crédito Fiscal,2026-08-01,2026-08-10,2026-08-01,9,1,Migrado de sistema anterior,0,33,31-60 días,62,62,1,12,,3493.6,0.0,3493.6,3493.6,0.0,not_paid,0
93,FAC/2026/00052,2-FAC/2026/00052,B0136433802,B01,B2B - Crédito Fiscal,2026-08-01,2026-08-11,2026-08-01,10,1,Migrado de sistema anterior,0,,Cobrada,203,203,2,25,30 Days,4803.7,0.0,4803.7,0.0,4803.7,paid,1
137,FAC/2026/00051,1-FAC/2026/00051,B0173966364,B01,B2B - Crédito Fiscal,2026-08-01,2026-08-10,2026-08-01,9,1,Migrado de sistema anterior,0,,Cobrada,51,51,1,12,,15721.2,0.0,15721.2,0.0,15721.2,paid,1
91,FAC/2026/00051,2-FAC/2026/00051,B0170007451,B01,B2B - Crédito Fiscal,2026-08-01,2026-08-11,2026-08-01,10,1,Migrado de sistema anterior,0,,Cobrada,202,202,2,25,30 Days,4803.7,0.0,4803.7,0.0,4803.7,paid,1
90,FAC/2026/00050,2-FAC/2026/00050,B0173966364,B01,B2B - Crédito Fiscal,2026-08-01,2026-08-31,2026-08-01,30,1,Migrado de sistema anterior,0,,Cobrada,201,201,2,25,30 Days,4803.7,0.0,4803.7,0.0,4803.7,paid,1
89,FAC/2026/00049,2-FAC/2026/00049,B0152178488,B01,B2B - Crédito Fiscal,2026-08-01,2026-08-11,2026-08-01,10,1,Migrado de sistema anterior,0,,Cobrada,200,200,2,25,30 Days,4803.7,0.0,4803.7,0.0,4803.7,paid,1
88,FAC/2026/00048,2-FAC/2026/00048,B0184695738,B01,B2B - Crédito Fiscal,2026-08-01,2026-08-31,2026-08-01,30,1,Migrado de sistema anterior,0,12,1-30 días,199,199,2,25,30 Days,4803.7,0.0,4803.7,4803.7,0.0,not_paid,0
87,FAC/2026/00047,2-FAC/2026/00047,B0192236282,B01,B2B - Crédito Fiscal,2026-08-01,2026-08-11,2026-08-01,10,1,Migrado de sistema anterior,0,,Cobrada,198,198,2,25,30 Days,4803.7,0.0,4803.7,0.0,4803.7,paid,1
86,FAC/2026/00046,2-FAC/2026/00046,B0183561242,B01,B2B - Crédito Fiscal,2026-08-01,2026-08-31,2026-08-01,30,1,Migrado de sistema anterior,0,12,1-30 días,197,197,2,25,30 Days,4803.7,0.0,4803.7,4803.7,0.0,not_paid,0
85,FAC/2026/00045,2-FAC/2026/00045,B0116583179,B01,B2B - Crédito Fiscal,2026-08-01,2026-08-11,2026-08-01,10,1,Migrado de sistema anterior,0,,Cobrada,196,196,2,25,30 Days,4803.7,0.0,4803.7,0.0,4803.7,paid,1
81,FAC/2026/00044,2-FAC/2026/00044,B0110708365,B01,B2B - Crédito Fiscal,2026-08-01,2026-08-11,2026-08-01,10,1,Migrado de sistema anterior,0,,Cobrada,185,185,2,25,30 Days,4803.7,0.0,4803.7,0.0,4803.7,paid,1
84,FAC/2026/00043,2-FAC/2026/00043,B0124702662,B01,B2B - Crédito Fiscal,2026-08-01,2026-08-11,2026-08-01,10,1,Migrado de sistema anterior,0,,Cobrada,195,195,2,25,30 Days,4803.7,0.0,4803.7,0.0,4803.7,paid,1
83,FAC/2026/00042,2-FAC/2026/00042,B0199628178,B01,B2B - Crédito Fiscal,2026-08-01,2026-08-11,2026-08-01,10,1,Migrado de sistema anterior,0,,Cobrada,175,175,2,25,30 Days,4803.7,0.0,4803.7,0.0,4803.7,paid,1
82,FAC/2026/00041,2-FAC/2026/00041,B0184371949,B01,B2B - Crédito Fiscal,2026-08-01,2026-08-11,2026-08-01,10,1,Migrado de sistema anterior,0,,Cobrada,194,194,2,25,30 Days,4803.7,0.0,4803.7,0.0,4803.7,paid,1
80,FAC/2026/00040,2-FAC/2026/00040,B0182024006,B01,B2B - Crédito Fiscal,2026-08-01,2026-08-31,2026-08-01,30,1,Migrado de sistema anterior,0,,Cobrada,192,192,2,25,30 Days,4803.7,0.0,4803.7,0.0,4803.7,paid,1
223,FAC/2026/00039,1-FAC/2026/00039,B0188077077,B01,B2B - Crédito Fiscal,2026-08-01,2026-08-05,2026-08-01,4,1,Migrado de sistema anterior,0,38,31-60 días,69,69,1,22,,5153.06,0.0,5153.06,5153.06,0.0,not_paid,0
79,FAC/2026/00039,2-FAC/2026/00039,B0199501084,B01,B2B - Crédito Fiscal,2026-08-01,2026-08-31,2026-08-01,30,1,Migrado de sistema anterior,0,12,1-30 días,191,191,2,25,30 Days,6474.51,0.0,6474.51,6474.51,0.0,not_paid,0
77,FAC/2026/00038,2-FAC/2026/00038,B0188077077,B01,B2B - Crédito Fiscal,2026-08-01,2026-08-11,2026-08-01,10,1,Migrado de sistema anterior,0,,Cobrada,190,190,2,25,30 Days,4803.7,0.0,4803.7,0.0,4803.7,paid,1
75,FAC/2026/00037,2-FAC/2026/00037,B0138160695,B01,B2B - Crédito Fiscal,2026-08-01,2026-08-31,2026-08-01,30,1,Migrado de sistema anterior,0,,Cobrada,189,189,2,25,30 Days,4803.7,0.0,4803.7,0.0,4803.7,paid,1
65,FAC/2026/00033,2-FAC/2026/00033,B0172273467,B01,B2B - Crédito Fiscal,2026-08-01,2026-08-11,2026-08-01,10,1,Migrado de sistema anterior,0,,Cobrada,177,177,2,25,30 Days,4192.32,0.0,4192.32,0.0,4192.32,paid,1
212,FAC/2026/00031,1-FAC/2026/00031,B0147077783,B01,B2B - Crédito Fiscal,2026-08-01,2026-08-05,2026-08-01,4,1,Migrado de sistema anterior,0,38,31-60 días,68,68,1,22,,13653.55,0.0,13653.55,13653.55,0.0,not_paid,0
58,FAC/2026/00031,2-FAC/2026/00031,B0158607427,B01,B2B - Crédito Fiscal,2026-08-01,2026-08-31,2026-08-01,30,1,Migrado de sistema anterior,0,,Cobrada,171,171,2,25,30 Days,4803.7,0.0,4803.7,0.0,4803.7,paid,1
56,FAC/2026/00030,2-FAC/2026/00030,B0139351700,B01,B2B - Crédito Fiscal,2026-08-01,2026-08-11,2026-08-01,10,1,Migrado de sistema anterior,0,,Cobrada,170,170,2,25,30 Days,4803.7,0.0,4803.7,0.0,4803.7,paid,1
55,FAC/2026/00029,2-FAC/2026/00029,B0147077783,B01,B2B - Crédito Fiscal,2026-08-01,2026-08-11,2026-08-01,10,1,Migrado de sistema anterior,0,,Cobrada,169,169,2,25,30 Days,4803.7,0.0,4803.7,0.0,4803.7,paid,1
54,FAC/2026/00028,2-FAC/2026/00028,B0169565797,B01,B2B - Crédito Fiscal,2026-08-01,2026-08-11,2026-08-01,10,1,Migrado de sistema anterior,0,,Cobrada,168,168,2,25,30 Days,5240.4,0.0,5240.4,0.0,5240.4,paid,1
52,FAC/2026/00026,2-FAC/2026/00026,B0137907640,B01,B2B - Crédito Fiscal,2026-08-01,2026-08-11,2026-08-01,10,1,Migrado de sistema anterior,0,,Cobrada,166,166,2,25,30 Days,4803.7,0.0,4803.7,0.0,4803.7,paid,1
51,FAC/2026/00025,2-FAC/2026/00025,B0110670744,B01,B2B - Crédito Fiscal,2026-08-01,2026-08-11,2026-08-01,10,1,Migrado de sistema anterior,0,,Cobrada,165,165,2,25,30 Days,3755.62,0.0,3755.62,0.0,3755.62,paid,1
50,FAC/2026/00024,2-FAC/2026/00024,B0166529619,B01,B2B - Crédito Fiscal,2026-08-01,2026-08-11,2026-08-01,10,1,Migrado de sistema anterior,0,,Cobrada,164,164,2,25,30 Days,4803.7,0.0,4803.7,0.0,4803.7,paid,1
49,FAC/2026/00023,2-FAC/2026/00023,B0141205050,B01,B2B - Crédito Fiscal,2026-08-01,2026-08-31,2026-08-01,30,1,Migrado de sistema anterior,0,12,1-30 días,163,163,2,25,30 Days,4803.7,0.0,4803.7,4803.7,0.0,not_paid,0
48,FAC/2026/00022,2-FAC/2026/00022,B0114421501,B01,B2B - Crédito Fiscal,2026-08-01,2026-08-11,2026-08-01,10,1,Migrado de sistema anterior,0,,Cobrada,162,162,2,25,30 Days,3493.6,0.0,3493.6,0.0,3493.6,paid,1
47,FAC/2026/00021,2-FAC/2026/00021,B0185834720,B01,B2B - Crédito Fiscal,2026-08-01,2026-08-11,2026-08-01,10,1,Migrado de sistema anterior,0,,Cobrada,161,161,2,25,30 Days,4803.7,0.0,4803.7,0.0,4803.7,paid,1
46,FAC/2026/00020,2-FAC/2026/00020,B0113746923,B01,B2B - Crédito Fiscal,2026-08-01,2026-08-11,2026-08-01,10,1,Migrado de sistema anterior,0,,Cobrada,160,160,2,25,30 Days,6690.24,0.0,6690.24,0.0,6690.24,paid,1
190,FAC/2026/00019,1-FAC/2026/00019,B0150866747,B01,B2B - Crédito Fiscal,2026-08-01,2026-08-31,2026-08-01,30,1,Migrado de sistema anterior,0,12,1-30 días,91,91,1,22,30 Days,4803.7,0.0,4803.7,4803.7,0.0,not_paid,0
44,FAC/2026/00019,2-FAC/2026/00019,B0150866747,B01,B2B - Crédito Fiscal,2026-08-01,2026-08-11,2026-08-01,10,1,Migrado de sistema anterior,0,,Cobrada,159,159,2,25,30 Days,4803.7,0.0,4803.7,0.0,4803.7,paid,1
43,FAC/2026/00018,2-FAC/2026/00018,B0177360062,B01,B2B - Crédito Fiscal,2026-08-01,2026-08-11,2026-08-01,10,1,Migrado de sistema anterior,0,,Cobrada,158,158,2,25,30 Days,7412.3,0.0,7412.3,0.0,7412.3,paid,1
42,FAC/2026/00017,2-FAC/2026/00017,B0161163287,B01,B2B - Crédito Fiscal,2026-08-01,2026-08-11,2026-08-01,10,1,Migrado de sistema anterior,0,,Cobrada,157,157,2,25,30 Days,4803.7,0.0,4803.7,0.0,4803.7,paid,1
41,FAC/2026/00016,2-FAC/2026/00016,B0195973014,B01,B2B - Crédito Fiscal,2026-08-01,2026-08-11,2026-08-01,10,1,Migrado de sistema anterior,0,,Cobrada,156,156,2,25,30 Days,4192.32,0.0,4192.32,0.0,4192.32,paid,1
40,FAC/2026/00015,2-FAC/2026/00015,B0142266519,B01,B2B - Crédito Fiscal,2026-08-01,2026-08-11,2026-08-01,10,1,Migrado de sistema anterior,0,,Cobrada,155,155,2,25,30 Days,4803.7,0.0,4803.7,0.0,4803.7,paid,1
39,FAC/2026/00014,2-FAC/2026/00014,B0148602199,B01,B2B - Crédito Fiscal,2026-08-01,2026-08-11,2026-08-01,10,1,Migrado de sistema anterior,0,,Cobrada,154,154,2,25,30 Days,4008.91,0.0,4008.91,0.0,4008.91,paid,1
38,FAC/2026/00013,2-FAC/2026/00013,B0195837486,B01,B2B - Crédito Fiscal,2026-08-01,2026-08-11,2026-08-01,10,1,Migrado de sistema anterior,0,,Cobrada,153,153,2,25,30 Days,4803.7,0.0,4803.7,0.0,4803.7,paid,1
37,FAC/2026/00012,2-FAC/2026/00012,B0136042479,B01,B2B - Crédito Fiscal,2026-08-01,2026-08-11,2026-08-01,10,1,Migrado de sistema anterior,0,,Cobrada,152,152,2,25,30 Days,7292.89,0.0,7292.89,0.0,7292.89,paid,1
162,FAC/2026/00011,1-FAC/2026/00011,B0179922378,B01,B2B - Crédito Fiscal,2026-08-01,2026-08-10,2026-08-01,9,1,Migrado de sistema anterior,0,,Cobrada,74,74,1,12,,5153.06,0.0,5153.06,0.0,5153.06,paid,1
36,FAC/2026/00011,2-FAC/2026/00011,B0179922378,B01,B2B - Crédito Fiscal,2026-08-01,2026-08-31,2026-08-01,30,1,Migrado de sistema anterior,0,12,1-30 días,151,151,2,25,30 Days,7259.7,0.0,7259.7,7259.7,0.0,not_paid,0
33,FAC/2026/00008,2-FAC/2026/00008,B0148415650,B01,B2B - Crédito Fiscal,2026-08-01,2026-08-11,2026-08-01,10,1,Migrado de sistema anterior,0,,Cobrada,150,150,2,25,30 Days,3056.9,0.0,3056.9,0.0,3056.9,paid,1
32,FAC/2026/00007,2-FAC/2026/00007,B0144206317,B01,B2B - Crédito Fiscal,2026-08-01,2026-08-31,2026-08-01,30,1,Migrado de sistema anterior,0,,Cobrada,149,149,2,25,30 Days,10655.48,0.0,10655.48,0.0,10655.48,paid,1
31,FAC/2026/00006,2-FAC/2026/00006,B0156054493,B01,B2B - Crédito Fiscal,2026-08-01,2026-08-11,2026-08-01,10,1,Migrado de sistema anterior,0,,Cobrada,148,147,2,25,30 Days,4330.32,0.0,4330.32,0.0,4330.32,paid,1
156,FAC/2026/00005,1-FAC/2026/00005,B0115916817,B01,B2B - Crédito Fiscal,2026-08-01,2026-08-10,2026-08-01,9,1,Migrado de sistema anterior,0,,Cobrada,18,18,1,12,,22879.59,0.0,22879.59,0.0,22879.59,paid,1
29,FAC/2026/00005,2-FAC/2026/00005,B0115916817,B01,B2B - Crédito Fiscal,2026-08-01,2026-08-11,2026-08-01,10,1,Migrado de sistema anterior,0,,Cobrada,146,146,2,25,30 Days,4803.7,0.0,4803.7,0.0,4803.7,paid,1
28,FAC/2026/00004,2-FAC/2026/00004,B0182833356,B01,B2B - Crédito Fiscal,2026-08-01,2026-08-31,2026-08-01,30,1,Migrado de sistema anterior,0,12,1-30 días,145,145,2,25,30 Days,4180.97,0.0,4180.97,4180.97,0.0,not_paid,0
27,FAC/2026/00003,2-FAC/2026/00003,B0195067927,B01,B2B - Crédito Fiscal,2026-08-01,2026-08-11,2026-08-01,10,1,Migrado de sistema anterior,0,,Cobrada,144,144,2,25,30 Days,5532.99,0.0,5532.99,0.0,5532.99,paid,1
22,FAC/2026/00001,2-FAC/2026/00001,B0195162830,B01,B2B - Crédito Fiscal,2026-08-01,2026-08-31,2026-08-01,30,1,Migrado de sistema anterior,0,,Cobrada,143,143,2,22,30 Days,4192.32,0.0,4192.32,0.0,4192.32,paid,1
53,FAC/2026/00027,2-FAC/2026/00027,B0134186077,B01,B2B - Crédito Fiscal,2026-07-30,2026-08-29,2026-07-30,30,0,Creado en el sistema,1,14,1-30 días,167,167,2,25,30 Days,4803.7,0.0,4803.7,4803.7,0.0,not_paid,0
20,FAC/2026/00001,1-FAC/2026/00001,B0195162830,B01,B2B - Crédito Fiscal,2026-07-29,2026-07-31,2026-07-29,2,0,Creado en el sistema,1,43,31-60 días,69,69,1,22,,34936.0,0.0,34936.0,17468.0,17468.0,partial,0
131,FAC/2026/00023,1-FAC/2026/00023,B0264256472,B02,B2C - Consumo Final,2026-07-27,2026-07-27,2026-07-27,0,0,Creado en el sistema,1,,Cobrada,43,42,1,9,Immediate Payment,17468.0,0.0,17468.0,0.0,17468.0,paid,1
249,FAC/2026/00090,2-FAC/2026/00090,B0177994538,B01,B2B - Crédito Fiscal,2026-07-01,2026-07-30,2026-07-01,29,0,Creado en el sistema,1,,Cobrada,244,244,2,22,,4611.55,0.0,4611.55,0.0,4611.55,paid,1
175,FAC/2026/00085,2-FAC/2026/00085,B0198224772,B01,B2B - Crédito Fiscal,2026-07-01,2026-07-31,2026-07-01,30,0,Creado en el sistema,1,,Cobrada,228,228,2,25,30 Days,7860.6,0.0,7860.6,0.0,7860.6,paid,1
102,FAC/2026/00062,2-FAC/2026/00062,B0177138934,B01,B2B - Crédito Fiscal,2026-07-01,2026-07-11,2026-07-01,10,0,Creado en el sistema,1,,Cobrada,211,211,2,25,30 Days,6916.45,0.0,6916.45,0.0,6916.45,paid,1
262,FAC/2026/00061,1-FAC/2026/00061,B0279179732,B02,B2C - Consumo Final,2026-07-01,2026-07-01,2026-07-01,0,0,Creado en el sistema,1,73,61-90 días,221,221,1,22,Immediate Payment,698.72,0.0,698.72,698.72,0.0,not_paid,0
97,FAC/2026/00057,2-FAC/2026/00057,B0151085327,B01,B2B - Crédito Fiscal,2026-07-01,2026-07-31,2026-07-01,30,0,Creado en el sistema,1,,Cobrada,207,207,2,25,30 Days,4803.7,0.0,4803.7,0.0,4803.7,paid,1
168,FAC/2026/00050,1-FAC/2026/00050,B0152178488,B01,B2B - Crédito Fiscal,2026-07-01,2026-07-10,2026-07-01,9,0,Creado en el sistema,1,64,61-90 días,94,94,1,12,,30918.36,0.0,30918.36,30918.36,0.0,not_paid,0
153,FAC/2026/00049,1-FAC/2026/00049,B0184695738,B01,B2B - Crédito Fiscal,2026-07-01,2026-07-10,2026-07-01,9,0,Creado en el sistema,1,,Cobrada,121,121,1,12,,4367.0,0.0,4367.0,0.0,4367.0,paid,1
148,FAC/2026/00048,1-FAC/2026/00048,B0192236282,B01,B2B - Crédito Fiscal,2026-07-01,2026-07-10,2026-07-01,9,0,Creado en el sistema,1,,Cobrada,72,72,1,12,,6113.8,0.0,6113.8,0.0,6113.8,paid,1
140,FAC/2026/00047,1-FAC/2026/00047,B0183561242,B01,B2B - Crédito Fiscal,2026-07-01,2026-07-01,2026-07-01,0,0,Creado en el sistema,1,73,61-90 días,64,64,1,12,,48037.0,0.0,48037.0,48037.0,0.0,not_paid,0
222,FAC/2026/00038,1-FAC/2026/00038,B0138160695,B01,B2B - Crédito Fiscal,2026-07-01,2026-07-05,2026-07-01,4,0,Creado en el sistema,1,69,61-90 días,69,69,1,22,,5153.06,0.0,5153.06,5153.06,0.0,not_paid,0
71,FAC/2026/00036,2-FAC/2026/00036,B0199884967,B01,B2B - Crédito Fiscal,2026-07-01,2026-07-11,2026-07-01,10,0,Creado en el sistema,1,,Cobrada,186,186,2,25,30 Days,4803.7,0.0,4803.7,0.0,4803.7,paid,1
69,FAC/2026/00035,2-FAC/2026/00035,B0117209800,B01,B2B - Crédito Fiscal,2026-07-01,2026-07-11,2026-07-01,10,0,Creado en el sistema,1,,Cobrada,185,185,2,22,30 Days,4803.7,0.0,4803.7,0.0,4803.7,paid,1
67,FAC/2026/00034,2-FAC/2026/00034,B0129553487,B01,B2B - Crédito Fiscal,2026-07-01,2026-07-11,2026-07-01,10,0,Creado en el sistema,1,,Cobrada,178,178,2,25,30 Days,4803.7,0.0,4803.7,0.0,4803.7,paid,1
63,FAC/2026/00032,2-FAC/2026/00032,B0181351607,B01,B2B - Crédito Fiscal,2026-07-01,2026-07-11,2026-07-01,10,0,Creado en el sistema,1,,Cobrada,175,175,2,25,30 Days,4803.7,0.0,4803.7,0.0,4803.7,paid,1
211,FAC/2026/00030,1-FAC/2026/00030,B0169565797,B01,B2B - Crédito Fiscal,2026-07-01,2026-07-05,2026-07-01,4,0,Creado en el sistema,1,69,61-90 días,68,68,1,22,,13652.99,0.0,13652.99,13652.99,0.0,not_paid,0
189,FAC/2026/00018,1-FAC/2026/00018,B0177360062,B01,B2B - Crédito Fiscal,2026-07-01,2026-07-31,2026-07-01,30,0,Creado en el sistema,1,43,31-60 días,91,91,1,22,30 Days,4803.7,0.0,4803.7,4803.7,0.0,not_paid,0
35,FAC/2026/00010,2-FAC/2026/00010,B0185977798,B01,B2B - Crédito Fiscal,2026-07-01,2026-07-31,2026-07-01,30,0,Creado en el sistema,1,43,31-60 días,151,151,2,25,30 Days,4803.7,0.0,4803.7,4803.7,0.0,not_paid,0
161,FAC/2026/00009,1-FAC/2026/00009,B0121657846,B01,B2B - Crédito Fiscal,2026-07-01,2026-07-10,2026-07-01,9,0,Creado en el sistema,1,,Cobrada,74,74,1,12,,5153.06,0.0,5153.06,0.0,5153.06,paid,1
155,FAC/2026/00006,1-FAC/2026/00006,B0156054493,B01,B2B - Crédito Fiscal,2026-07-01,2026-07-10,2026-07-01,9,0,Creado en el sistema,1,64,61-90 días,18,18,1,12,,22879.67,0.0,22879.67,22879.67,0.0,not_paid,0
129,FAC/2026/00004,1-FAC/2026/00004,B0182833356,B01,B2B - Crédito Fiscal,2026-07-01,2026-07-31,2026-07-01,30,0,Creado en el sistema,1,,Cobrada,51,51,1,25,30 Days,15721.2,0.0,15721.2,0.0,15721.2,paid,1
261,FAC/2026/00060,1-FAC/2026/00060,B0287902506,B02,B2C - Consumo Final,2026-06-01,2026-06-01,2026-06-01,0,0,Creado en el sistema,1,103,91-180 días,221,221,1,22,Immediate Payment,698.72,0.0,698.72,698.72,0.0,not_paid,0
152,FAC/2026/00046,1-FAC/2026/00046,B0116583179,B01,B2B - Crédito Fiscal,2026-06-01,2026-06-10,2026-06-01,9,0,Creado en el sistema,1,,Cobrada,121,121,1,12,,4367.0,0.0,4367.0,0.0,4367.0,paid,1
146,FAC/2026/00045,1-FAC/2026/00045,B0110708365,B01,B2B - Crédito Fiscal,2026-06-01,2026-06-10,2026-06-01,9,0,Creado en el sistema,1,,Cobrada,72,72,1,12,,6113.8,0.0,6113.8,0.0,6113.8,paid,1
221,FAC/2026/00037,1-FAC/2026/00037,B0199884967,B01,B2B - Crédito Fiscal,2026-06-01,2026-06-05,2026-06-01,4,0,Creado en el sistema,1,99,91-180 días,69,69,1,22,,5153.06,0.0,5153.06,5153.06,0.0,not_paid,0
210,FAC/2026/00029,1-FAC/2026/00029,B0134186077,B01,B2B - Crédito Fiscal,2026-06-01,2026-06-05,2026-06-01,4,0,Creado en el sistema,1,99,91-180 días,68,68,1,22,,13653.55,0.0,13653.55,13653.55,0.0,not_paid,0
188,FAC/2026/00017,1-FAC/2026/00017,B0161163287,B01,B2B - Crédito Fiscal,2026-06-01,2026-07-01,2026-06-01,30,0,Creado en el sistema,1,73,61-90 días,91,91,1,22,30 Days,4803.7,0.0,4803.7,4803.7,0.0,not_paid,0
160,FAC/2026/00010,1-FAC/2026/00010,B0185977798,B01,B2B - Crédito Fiscal,2026-06-01,2026-06-10,2026-06-01,9,0,Creado en el sistema,1,,Cobrada,74,74,1,12,,5153.06,0.0,5153.06,0.0,5153.06,paid,1
34,FAC/2026/00009,2-FAC/2026/00009,B0121657846,B01,B2B - Crédito Fiscal,2026-06-01,2026-07-01,2026-06-01,30,0,Creado en el sistema,1,73,61-90 días,151,151,2,25,30 Days,7259.7,0.0,7259.7,7259.7,0.0,not_paid,0
260,FAC/2026/00059,1-FAC/2026/00059,B0216844854,B02,B2C - Consumo Final,2026-05-01,2026-05-01,2026-05-01,0,0,Creado en el sistema,1,134,91-180 días,221,221,1,22,Immediate Payment,698.72,0.0,698.72,698.72,0.0,not_paid,0
151,FAC/2026/00044,1-FAC/2026/00044,B0124702662,B01,B2B - Crédito Fiscal,2026-05-01,2026-05-10,2026-05-01,9,0,Creado en el sistema,1,,Cobrada,121,121,1,12,,4367.0,0.0,4367.0,0.0,4367.0,paid,1
144,FAC/2026/00043,1-FAC/2026/00043,B0199628178,B01,B2B - Crédito Fiscal,2026-05-01,2026-05-10,2026-05-01,9,0,Creado en el sistema,1,,Cobrada,72,72,1,12,,6113.8,0.0,6113.8,0.0,6113.8,paid,1
220,FAC/2026/00036,1-FAC/2026/00036,B0117209800,B01,B2B - Crédito Fiscal,2026-05-01,2026-05-05,2026-05-01,4,0,Creado en el sistema,1,130,91-180 días,69,69,1,22,,5153.06,0.0,5153.06,5153.06,0.0,not_paid,0
209,FAC/2026/00028,1-FAC/2026/00028,B0137907640,B01,B2B - Crédito Fiscal,2026-05-01,2026-05-05,2026-05-01,4,0,Creado en el sistema,1,130,91-180 días,68,68,1,22,,13653.55,0.0,13653.55,13653.55,0.0,not_paid,0
187,FAC/2026/00016,1-FAC/2026/00016,B0195973014,B01,B2B - Crédito Fiscal,2026-05-01,2026-05-31,2026-05-01,30,0,Creado en el sistema,1,104,91-180 días,91,91,1,22,30 Days,4803.7,0.0,4803.7,4803.7,0.0,not_paid,0
159,FAC/2026/00008,1-FAC/2026/00008,B0148415650,B01,B2B - Crédito Fiscal,2026-05-01,2026-05-10,2026-05-01,9,0,Creado en el sistema,1,,Cobrada,74,74,1,12,,5153.06,0.0,5153.06,0.0,5153.06,paid,1
128,FAC/2026/00003,1-FAC/2026/00003,B0195067927,B01,B2B - Crédito Fiscal,2026-05-01,2026-05-31,2026-05-01,30,0,Creado en el sistema,1,104,91-180 días,94,94,1,25,30 Days,26202.0,4716.36,30918.36,30918.36,0.0,not_paid,0
259,FAC/2026/00058,1-FAC/2026/00058,B0234685934,B02,B2C - Consumo Final,2026-04-01,2026-04-01,2026-04-01,0,0,Creado en el sistema,1,164,91-180 días,221,221,1,22,Immediate Payment,698.72,0.0,698.72,698.72,0.0,not_paid,0
147,FAC/2026/00042,1-FAC/2026/00042,B0184371949,B01,B2B - Crédito Fiscal,2026-04-01,2026-04-10,2026-04-01,9,0,Creado en el sistema,1,,Cobrada,72,72,1,12,,6113.8,0.0,6113.8,0.0,6113.8,paid,1
150,FAC/2026/00041,1-FAC/2026/00041,B0182024006,B01,B2B - Crédito Fiscal,2026-04-01,2026-04-10,2026-04-01,9,0,Creado en el sistema,1,,Cobrada,121,121,1,12,,4367.0,0.0,4367.0,0.0,4367.0,paid,1
219,FAC/2026/00035,1-FAC/2026/00035,B0129553487,B01,B2B - Crédito Fiscal,2026-04-01,2026-04-05,2026-04-01,4,0,Creado en el sistema,1,160,91-180 días,69,69,1,22,,22621.06,0.0,22621.06,22621.06,0.0,not_paid,0
208,FAC/2026/00027,1-FAC/2026/00027,B0110670744,B01,B2B - Crédito Fiscal,2026-04-01,2026-04-05,2026-04-01,4,0,Creado en el sistema,1,160,91-180 días,68,68,1,22,,13653.55,0.0,13653.55,13653.55,0.0,not_paid,0
186,FAC/2026/00015,1-FAC/2026/00015,B0142266519,B01,B2B - Crédito Fiscal,2026-04-01,2026-05-01,2026-04-01,30,0,Creado en el sistema,1,134,91-180 días,91,91,1,22,30 Days,4803.7,0.0,4803.7,4803.7,0.0,not_paid,0
158,FAC/2026/00007,1-FAC/2026/00007,B0144206317,B01,B2B - Crédito Fiscal,2026-04-01,2026-04-10,2026-04-01,9,0,Creado en el sistema,1,,Cobrada,74,74,1,12,,5153.06,0.0,5153.06,0.0,5153.06,paid,1
258,FAC/2026/00057,1-FAC/2026/00057,B0262721934,B02,B2C - Consumo Final,2026-03-01,2026-03-01,2026-03-01,0,0,Creado en el sistema,1,195,Más de 180 días,221,221,1,22,Immediate Payment,698.72,0.0,698.72,698.72,0.0,not_paid,0
218,FAC/2026/00034,1-FAC/2026/00034,B0172273467,B01,B2B - Crédito Fiscal,2026-03-01,2026-03-05,2026-03-01,4,0,Creado en el sistema,1,191,Más de 180 días,69,69,1,22,,5153.06,0.0,5153.06,5153.06,0.0,not_paid,0
207,FAC/2026/00026,1-FAC/2026/00026,B0166529619,B01,B2B - Crédito Fiscal,2026-03-01,2026-03-01,2026-03-01,0,0,Creado en el sistema,1,195,Más de 180 días,68,68,1,22,Immediate Payment,13653.55,0.0,13653.55,13653.55,0.0,not_paid,0
184,FAC/2026/00014,1-FAC/2026/00014,B0148602199,B01,B2B - Crédito Fiscal,2026-03-01,2026-03-31,2026-03-01,30,0,Creado en el sistema,1,165,91-180 días,91,91,1,22,30 Days,4803.7,0.0,4803.7,4803.7,0.0,not_paid,0
257,FAC/2026/00056,1-FAC/2026/00056,B0297248772,B02,B2C - Consumo Final,2026-02-01,2026-02-01,2026-02-01,0,0,Creado en el sistema,1,223,Más de 180 días,221,221,1,22,Immediate Payment,698.72,0.0,698.72,698.72,0.0,not_paid,0
217,FAC/2026/00033,1-FAC/2026/00033,B0181351607,B01,B2B - Crédito Fiscal,2026-02-01,2026-02-05,2026-02-01,4,0,Creado en el sistema,1,219,Más de 180 días,69,69,1,22,,5153.06,0.0,5153.06,5153.06,0.0,not_paid,0
206,FAC/2026/00025,1-FAC/2026/00025,B0141205050,B01,B2B - Crédito Fiscal,2026-02-01,2026-02-05,2026-02-01,4,0,Creado en el sistema,1,219,Más de 180 días,68,68,1,22,,13653.55,0.0,13653.55,13653.55,0.0,not_paid,0
183,FAC/2026/00013,1-FAC/2026/00013,B0195837486,B01,B2B - Crédito Fiscal,2026-02-01,2026-03-03,2026-02-01,30,0,Creado en el sistema,1,193,Más de 180 días,91,91,1,22,30 Days,4803.7,0.0,4803.7,4803.7,0.0,not_paid,0
256,FAC/2026/00055,1-FAC/2026/00055,B0267455960,B02,B2C - Consumo Final,2026-01-01,2026-01-01,2026-01-01,0,0,Creado en el sistema,1,254,Más de 180 días,221,221,1,22,Immediate Payment,698.72,0.0,698.72,698.72,0.0,not_paid,0
216,FAC/2026/00032,1-FAC/2026/00032,B0158607427,B01,B2B - Crédito Fiscal,2026-01-01,2026-08-05,2026-01-01,216,0,Creado en el sistema,1,38,31-60 días,69,69,1,22,,5153.06,0.0,5153.06,5153.06,0.0,not_paid,0
205,FAC/2026/00024,1-FAC/2026/00024,B0114421501,B01,B2B - Crédito Fiscal,2026-01-01,2026-01-05,2026-01-01,4,0,Creado en el sistema,1,250,Más de 180 días,68,68,1,22,,13653.55,0.0,13653.55,13653.55,0.0,not_paid,0
182,FAC/2026/00012,1-FAC/2026/00012,B0136042479,B01,B2B - Crédito Fiscal,2026-01-01,2026-01-31,2026-01-01,30,0,Creado en el sistema,1,224,Más de 180 días,91,91,1,22,30 Days,4803.7,0.0,4803.7,4803.7,0.0,not_paid,0
255,FAC/2025/00006,1-FAC/2025/00006,B0257533822,B02,B2C - Consumo Final,2025-12-01,2025-12-01,2025-12-01,0,0,Creado en el sistema,1,285,Más de 180 días,221,221,1,22,Immediate Payment,698.72,0.0,698.72,698.72,0.0,not_paid,0
254,FAC/2025/00005,1-FAC/2025/00005,B0255220363,B02,B2C - Consumo Final,2025-11-01,2025-11-01,2025-11-01,0,0,Creado en el sistema,1,315,Más de 180 días,221,221,1,22,Immediate Payment,698.72,0.0,698.72,698.72,0.0,not_paid,0
253,FAC/2025/00004,1-FAC/2025/00004,B0259801179,B02,B2C - Consumo Final,2025-10-01,2025-10-01,2025-10-01,0,0,Creado en el sistema,1,346,Más de 180 días,221,221,1,22,Immediate Payment,698.72,0.0,698.72,698.72,0.0,not_paid,0
252,FAC/2025/00003,1-FAC/2025/00003,B0290828804,B02,B2C - Consumo Final,2025-09-01,2025-09-01,2025-09-01,0,0,Creado en el sistema,1,376,Más de 180 días,221,221,1,22,Immediate Payment,698.72,0.0,698.72,698.72,0.0,not_paid,0
203,FAC/2025/00001,1-FAC/2025/00001,B0185834720,B01,B2B - Crédito Fiscal,2025-05-05,2025-12-05,2025-05-05,214,0,Creado en el sistema,1,281,Más de 180 días,68,68,1,22,,109228.38,0.0,109228.38,43723.38,65505.0,partial,0
214,FAC/2025/00002,1-FAC/2025/00002,B0139351700,B01,B2B - Crédito Fiscal,2025-03-01,2025-12-01,2025-03-01,275,0,Creado en el sistema,1,285,Más de 180 días,69,69,1,22,,51530.6,0.0,51530.6,50744.54,786.06,partial,0
