id_linea,id_factura,descripcion,id_servicio,servicio_catalogo,usa_catalogo,cantidad,precio_unitario,descuento_pct,monto_descuento,tiene_descuento,subtotal,total_linea,id_cliente,id_entidad
663,329,Modificación societaria,51,Modificación societaria,1,1.0,21835.0,0,0.0,0,21835.0,25765.3,259,1
644,320,Gestion Integral Gestión integral para la estructuración y tramitación del proyecto de almacén de reexportación ante la dirección general de aduanas.,49,Gestion Integral,1,1.0,262020.0,0,0.0,0,262020.0,309183.6,257,1
641,319,AUDIORIA,48,AUDIORIA,1,1.0,305690.0,0,0.0,0,305690.0,360714.2,256,1
623,310,Servicio de Seguros Completivo pago,31,Servicio de Seguros,1,1.0,1746.8,0,0.0,0,1746.8,1746.8,150,2
678,336,Servicio de Seguros,31,Servicio de Seguros,1,1.0,10306.12,0,0.0,0,10306.12,10306.12,212,2
659,327,Servicio de Seguros,31,Servicio de Seguros,1,1.0,4803.7,0,0.0,0,4803.7,4803.7,153,2
655,325,SEGUROS Y CONCIERGE MEDICOS,30,SEGUROS Y CONCIERGE MEDICOS,1,1.0,4803.7,0,0.0,0,4803.7,4803.7,258,2
651,323,SEGUROS Y CONCIERGE MEDICOS,30,SEGUROS Y CONCIERGE MEDICOS,1,1.0,4803.7,0,0.0,0,4803.7,4803.7,189,2
635,316,SEGUROS Y CONCIERGE MEDICOS,30,SEGUROS Y CONCIERGE MEDICOS,1,1.0,4803.7,0,0.0,0,4803.7,4803.7,201,2
627,312,SEGUROS Y CONCIERGE MEDICOS,30,SEGUROS Y CONCIERGE MEDICOS,1,1.0,4803.7,0,0.0,0,4803.7,4803.7,190,2
596,296,Servicio de Seguros,31,Servicio de Seguros,1,1.0,4803.7,0,0.0,0,4803.7,4803.7,204,2
573,285,SEGUROS Y CONCIERGE MEDICOS,30,SEGUROS Y CONCIERGE MEDICOS,1,1.0,4803.7,0,0.0,0,4803.7,4803.7,171,2
557,277,SEGUROS Y CONCIERGE MEDICOS,30,SEGUROS Y CONCIERGE MEDICOS,1,1.0,4803.7,0,0.0,0,4803.7,4803.7,253,2
613,305,Iguala Fiscal,18,Iguala Fiscal,1,1.0,4367.0,0,0.0,0,4367.0,4367.0,121,1
611,304,Iguala Fiscal,18,Iguala Fiscal,1,1.0,6113.8,0,0.0,0,6113.8,6113.8,72,1
609,303,Iguala Fiscal,18,Iguala Fiscal,1,1.0,13653.55,0,0.0,0,13653.55,13653.55,68,1
607,302,Iguala Fiscal,18,Iguala Fiscal,1,1.0,5153.06,0,0.0,0,5153.06,5153.06,69,1
604,301,AUDIORIA,48,AUDIORIA,1,1.0,174680.0,0,0.0,0,174680.0,206122.4,255,1
598,297,Iguala Fiscal,18,Iguala Fiscal,1,1.0,30918.36,0,0.0,0,30918.36,30918.36,94,1
199,106,SEGUROS Y CONCIERGE MEDICOS,30,SEGUROS Y CONCIERGE MEDICOS,1,1.0,3668.28,0,0.0,0,3668.28,3668.28,177,2
206,106,,,,0,1.0,0.0,0,0.0,0,0.0,0.0,177,2
170,94,SEGUROS Y CONCIERGE MEDICOS,30,SEGUROS Y CONCIERGE MEDICOS,1,2.0,4192.32,0,0.0,0,8384.64,8384.64,204,2
172,94,,,,0,1.0,0.0,0,0.0,0,0.0,0.0,204,2
28,25,[SEGUROS Y CONCIERGE MEDICOS] SEGUROS Y CONCIERGE MEDICOS,30,SEGUROS Y CONCIERGE MEDICOS,1,1.0,4192.32,0,0.0,0,4192.32,4192.32,143,2
541,269,Seguro de Ley,44,Seguro de Ley,1,1.0,11091.75,0,0.0,0,11091.75,11091.75,252,3
537,267,CONSTITUCION DE EMPRESA  Que incluye:  Certificado de Nombre Comercial Acta de Asamblea Constitutiva Estatutos Sociales Nómina de Presencia Lista de Suscriptores Certificado de Registro Mercantil Certificación de Registro Nacional de Contribuyente (RNC) Acta de Asignación de RNC,39,CONSTITUCION DE EMPRESA,1,1.0,20524.9,0,0.0,0,20524.9,20524.9,63,1
534,266,Iguala Fiscal,18,Iguala Fiscal,1,1.0,6987.2,0,0.0,0,6987.2,8244.9,63,1
531,265,Iguala Fiscal,18,Iguala Fiscal,1,1.0,2183.5,0,0.0,0,2183.5,2576.53,250,1
528,264,Iguala Fiscal,18,Iguala Fiscal,1,1.0,3056.9,0,0.0,0,3056.9,3607.14,251,1
489,247,Servicio de Seguros,31,Servicio de Seguros,1,153.0,3812.39,0,0.0,0,583295.82,583295.82,241,2
490,247,[SEGUROS Y CONCIERGE MEDICOS] Dependientes,15,[SEGUROS Y CONCIERGE MEDICOS] Dependientes,1,1.0,1676.05,0,0.0,0,1676.05,1676.05,241,2
491,247,[SEGUROS Y CONCIERGE MEDICOS] Plantilla Labotal DGT 3,24,[SEGUROS Y CONCIERGE MEDICOS] Plantilla Labotal DGT,1,1.0,0.0,0,0.0,0,0.0,0.0,241,2
492,247,[SEGUROS Y CONCIERGE MEDICOS] Plantilla Labotal DGT 4,25,[SEGUROS Y CONCIERGE MEDICOS] Plantilla Labotal DGT 4,1,1.0,1397.44,0,0.0,0,1397.44,1397.44,241,2
493,247,[SEGUROS Y CONCIERGE MEDICOS] Poliza,27,[SEGUROS Y CONCIERGE MEDICOS] Poliza,1,1.0,3659.55,0,0.0,0,3659.55,3659.55,241,2
472,239,Seguro de Ley,44,Seguro de Ley,1,1.0,8513.18,0,0.0,0,8513.18,8513.18,239,3
449,226,Registro Empleador Tss,13,Registro Tss,1,1.0,10480.8,0,0.0,0,10480.8,10480.8,62,1
388,196,"Constitución de Empresa   El servicio incluye:  •	Tramitación del nombre comercial y gestión de objeciones, de ser necesario. •	Elaboración del Acta de Asamblea General Constitutiva, nómina de presencia y lista de suscriptores. •	Elaboración de los Estatutos Sociales. •	Gestión y obtención del Registro Mercantil. •	Inscripción de la empresa ante la DGII (RNC). •	Solicitud y habilitación de los primeros Comprobantes Fiscales (NCF). •	Entrega de las credenciales y documentación generadas durante el proceso de constitución.  Políticas y Condiciones:  •	La presente cotización tiene una vigencia de 15 días calendario a partir de su fecha de emisión. •	Para iniciar el proceso de constitución se requiere la entrega de la documentación e información solicitada por el equipo de consultoría, así como el pago correspondiente según las condiciones acordadas. •	El tiempo de ejecución del servicio comenzará a contarse una vez se haya recibido la documentación completa y el pago inicial, estando sujeto además a los tiempos de respuesta de las instituciones gubernamentales competentes.   •	Los honorarios profesionales no incluyen impuestos, tasas, derechos o cualquier otro costo establecido por la Cámara de Comercio y Producción, la Dirección General de Impuestos Internos (DGII) u otras entidades públicas, salvo que se indique expresamente en esta cotización. •	Cualquier servicio o gestión adicional que no se encuentre descrito dentro del alcance de esta propuesta será cotizado por separado y requerirá la aprobación previa del cliente. •	Una vez iniciado el proceso de constitución y ejecutadas las gestiones correspondientes, los honorarios profesionales no son reembolsables. •	La entrega de los documentos finales se realizará una vez el cliente haya cumplido con la totalidad de los pagos correspondientes.",10,Constitución de Empresa,1,1.0,9432.72,0,0.0,0,9432.72,9432.72,235,1
384,193,Declaración jurada,43,Declaración jurada,1,1.0,8734.0,0,0.0,0,8734.0,8734.0,233,1
383,192,Iguala Fiscal,18,Iguala Fiscal,1,20.0,4367.0,0,0.0,0,87340.0,87340.0,58,1
226,117,SEGUROS Y CONCIERGE MEDICOS,30,SEGUROS Y CONCIERGE MEDICOS,1,1.0,4803.7,0,0.0,0,4803.7,4803.7,220,2
217,114,SEGUROS Y CONCIERGE MEDICOS,30,SEGUROS Y CONCIERGE MEDICOS,1,1.0,0.0,0,0.0,0,0.0,0.0,219,2
219,114,,,,0,1.0,0.0,0,0.0,0,0.0,0.0,219,2
668,331,Seguro full humano,52,Seguro full humano,1,1.0,69916.6,0,0.0,0,69916.6,69916.6,260,3
127,73,GESTION DGII,33,GESTION DGII,1,1.0,338879.2,0,0.0,0,338879.2,338879.2,61,1
587,292,SEGUROS Y CONCIERGE MEDICOS,30,SEGUROS Y CONCIERGE MEDICOS,1,1.0,6474.51,0,0.0,0,6474.51,6474.51,254,2
589,292,,,,0,1.0,0.0,0,0.0,0,0.0,0.0,254,2
479,242,SEGUROS Y CONCIERGE MEDICOS,30,SEGUROS Y CONCIERGE MEDICOS,1,1.0,4803.7,0,0.0,0,4803.7,4803.7,240,2
394,199,SEGUROS Y CONCIERGE MEDICOS,30,SEGUROS Y CONCIERGE MEDICOS,1,1.0,4803.7,0,0.0,0,4803.7,4803.7,207,2
390,197,SEGUROS Y CONCIERGE MEDICOS,30,SEGUROS Y CONCIERGE MEDICOS,1,1.0,7860.6,0,0.0,0,7860.6,7860.6,228,2
244,126,SEGUROS Y CONCIERGE MEDICOS,30,SEGUROS Y CONCIERGE MEDICOS,1,1.0,4803.7,0,0.0,0,4803.7,4803.7,129,2
242,125,SEGUROS Y CONCIERGE MEDICOS,30,SEGUROS Y CONCIERGE MEDICOS,1,1.0,4803.7,0,0.0,0,4803.7,4803.7,223,2
240,124,SEGUROS Y CONCIERGE MEDICOS,30,SEGUROS Y CONCIERGE MEDICOS,1,1.0,4803.7,0,0.0,0,4803.7,4803.7,222,2
238,123,SEGUROS Y CONCIERGE MEDICOS,30,SEGUROS Y CONCIERGE MEDICOS,1,1.0,4803.7,0,0.0,0,4803.7,4803.7,221,2
236,122,SEGUROS Y CONCIERGE MEDICOS,30,SEGUROS Y CONCIERGE MEDICOS,1,1.0,4803.7,0,0.0,0,4803.7,4803.7,94,2
234,121,SEGUROS Y CONCIERGE MEDICOS,30,SEGUROS Y CONCIERGE MEDICOS,1,1.0,4803.7,0,0.0,0,4803.7,4803.7,53,2
232,120,SEGUROS Y CONCIERGE MEDICOS,30,SEGUROS Y CONCIERGE MEDICOS,1,1.0,4803.7,0,0.0,0,4803.7,4803.7,85,2
230,119,SEGUROS Y CONCIERGE MEDICOS,30,SEGUROS Y CONCIERGE MEDICOS,1,1.0,4803.7,0,0.0,0,4803.7,4803.7,88,2
228,118,SEGUROS Y CONCIERGE MEDICOS,30,SEGUROS Y CONCIERGE MEDICOS,1,1.0,4803.7,0,0.0,0,4803.7,4803.7,51,2
224,116,SEGUROS Y CONCIERGE MEDICOS,30,SEGUROS Y CONCIERGE MEDICOS,1,1.0,4803.7,0,0.0,0,4803.7,4803.7,91,2
222,115,SEGUROS Y CONCIERGE MEDICOS,30,SEGUROS Y CONCIERGE MEDICOS,1,1.0,4803.7,0,0.0,0,4803.7,4803.7,219,2
212,112,SEGUROS Y CONCIERGE MEDICOS,30,SEGUROS Y CONCIERGE MEDICOS,1,1.0,17866.65,0,0.0,0,17866.65,17866.65,128,2
214,112,,,,0,1.0,0.0,0,0.0,0,0.0,0.0,128,2
210,111,SEGUROS Y CONCIERGE MEDICOS,30,SEGUROS Y CONCIERGE MEDICOS,1,1.0,4803.7,0,0.0,0,4803.7,4803.7,92,2
207,110,SEGUROS Y CONCIERGE MEDICOS,30,SEGUROS Y CONCIERGE MEDICOS,1,1.0,9755.0,0,0.0,0,9755.0,9755.0,217,2
209,110,,,,0,1.0,0.0,0,0.0,0,0.0,0.0,217,2
204,108,SEGUROS Y CONCIERGE MEDICOS,30,SEGUROS Y CONCIERGE MEDICOS,1,1.0,4803.7,0,0.0,0,4803.7,4803.7,216,2
201,107,SEGUROS Y CONCIERGE MEDICOS,30,SEGUROS Y CONCIERGE MEDICOS,1,1.0,4192.32,0,0.0,0,4192.32,4192.32,215,2
203,107,,,,0,1.0,0.0,0,0.0,0,0.0,0.0,215,2
338,169,Iguala Fiscal,18,Iguala Fiscal,1,1.0,30918.36,0,0.0,0,30918.36,30918.36,94,1
197,105,SEGUROS Y CONCIERGE MEDICOS,30,SEGUROS Y CONCIERGE MEDICOS,1,1.0,4803.7,0,0.0,0,4803.7,4803.7,214,2
195,104,SEGUROS Y CONCIERGE MEDICOS,30,SEGUROS Y CONCIERGE MEDICOS,1,1.0,4803.7,0,0.0,0,4803.7,4803.7,213,2
192,103,SEGUROS Y CONCIERGE MEDICOS,30,SEGUROS Y CONCIERGE MEDICOS,1,1.0,10306.12,0,0.0,0,10306.12,10306.12,212,2
526,263,Gestión Laboral (Seguridad Social),11,Gestión Laboral (Seguridad Social),1,1.0,698.72,0,0.0,0,698.72,698.72,221,1
187,101,SEGUROS Y CONCIERGE MEDICOS,30,SEGUROS Y CONCIERGE MEDICOS,1,1.0,4803.7,0,0.0,0,4803.7,4803.7,210,2
185,100,SEGUROS Y CONCIERGE MEDICOS,30,SEGUROS Y CONCIERGE MEDICOS,1,1.0,4803.7,0,0.0,0,4803.7,4803.7,209,2
182,99,SEGUROS Y CONCIERGE MEDICOS,30,SEGUROS Y CONCIERGE MEDICOS,1,1.0,4192.32,0,0.0,0,4192.32,4192.32,208,2
184,99,,,,0,1.0,0.0,0,0.0,0,0.0,0.0,208,2
180,98,SEGUROS Y CONCIERGE MEDICOS,30,SEGUROS Y CONCIERGE MEDICOS,1,1.0,4803.7,0,0.0,0,4803.7,4803.7,178,2
176,96,SEGUROS Y CONCIERGE MEDICOS,30,SEGUROS Y CONCIERGE MEDICOS,1,1.0,4803.7,0,0.0,0,4803.7,4803.7,206,2
173,95,SEGUROS Y CONCIERGE MEDICOS,30,SEGUROS Y CONCIERGE MEDICOS,1,1.0,2620.2,0,0.0,0,2620.2,2620.2,205,2
175,95,,,,0,1.0,0.0,0,0.0,0,0.0,0.0,205,2
311,154,Iguala Fiscal,18,Iguala Fiscal,1,1.0,4367.0,0,0.0,0,4367.0,4367.0,121,1
166,92,SEGUROS Y CONCIERGE MEDICOS,30,SEGUROS Y CONCIERGE MEDICOS,1,1.0,4803.7,0,0.0,0,4803.7,4803.7,186,2
301,149,Iguala Fiscal,18,Iguala Fiscal,1,1.0,6113.8,0,0.0,0,6113.8,6113.8,72,1
168,93,SEGUROS Y CONCIERGE MEDICOS,30,SEGUROS Y CONCIERGE MEDICOS,1,1.0,4803.7,0,0.0,0,4803.7,4803.7,203,2
282,141,Iguala Fiscal,18,Iguala Fiscal,1,1.0,3493.6,0,0.0,0,3493.6,3493.6,62,1
164,91,SEGUROS Y CONCIERGE MEDICOS,30,SEGUROS Y CONCIERGE MEDICOS,1,1.0,4803.7,0,0.0,0,4803.7,4803.7,202,2
273,137,Iguala Fiscal,18,Iguala Fiscal,1,1.0,15721.2,0,0.0,0,15721.2,15721.2,51,1
162,90,SEGUROS Y CONCIERGE MEDICOS,30,SEGUROS Y CONCIERGE MEDICOS,1,1.0,4803.7,0,0.0,0,4803.7,4803.7,201,2
160,89,SEGUROS Y CONCIERGE MEDICOS,30,SEGUROS Y CONCIERGE MEDICOS,1,1.0,4803.7,0,0.0,0,4803.7,4803.7,200,2
158,88,SEGUROS Y CONCIERGE MEDICOS,30,SEGUROS Y CONCIERGE MEDICOS,1,1.0,4803.7,0,0.0,0,4803.7,4803.7,199,2
156,87,SEGUROS Y CONCIERGE MEDICOS,30,SEGUROS Y CONCIERGE MEDICOS,1,1.0,4803.7,0,0.0,0,4803.7,4803.7,198,2
154,86,SEGUROS Y CONCIERGE MEDICOS,30,SEGUROS Y CONCIERGE MEDICOS,1,1.0,4803.7,0,0.0,0,4803.7,4803.7,197,2
152,85,SEGUROS Y CONCIERGE MEDICOS,30,SEGUROS Y CONCIERGE MEDICOS,1,1.0,4803.7,0,0.0,0,4803.7,4803.7,196,2
144,81,SEGUROS Y CONCIERGE MEDICOS,30,SEGUROS Y CONCIERGE MEDICOS,1,1.0,4803.7,0,0.0,0,4803.7,4803.7,185,2
150,84,SEGUROS Y CONCIERGE MEDICOS,30,SEGUROS Y CONCIERGE MEDICOS,1,1.0,4803.7,0,0.0,0,4803.7,4803.7,195,2
148,83,SEGUROS Y CONCIERGE MEDICOS,30,SEGUROS Y CONCIERGE MEDICOS,1,1.0,4803.7,0,0.0,0,4803.7,4803.7,175,2
146,82,SEGUROS Y CONCIERGE MEDICOS,30,SEGUROS Y CONCIERGE MEDICOS,1,1.0,4803.7,0,0.0,0,4803.7,4803.7,194,2
142,80,SEGUROS Y CONCIERGE MEDICOS,30,SEGUROS Y CONCIERGE MEDICOS,1,1.0,4803.7,0,0.0,0,4803.7,4803.7,192,2
139,79,SEGUROS Y CONCIERGE MEDICOS,30,SEGUROS Y CONCIERGE MEDICOS,1,1.0,6474.51,0,0.0,0,6474.51,6474.51,191,2
141,79,,,,0,1.0,0.0,0,0.0,0,0.0,0.0,191,2
442,223,Iguala Fiscal,18,Iguala Fiscal,1,1.0,5153.06,0,0.0,0,5153.06,5153.06,69,1
135,77,SEGUROS Y CONCIERGE MEDICOS,30,SEGUROS Y CONCIERGE MEDICOS,1,1.0,4803.7,0,0.0,0,4803.7,4803.7,190,2
131,75,SEGUROS Y CONCIERGE MEDICOS,30,SEGUROS Y CONCIERGE MEDICOS,1,1.0,4803.7,0,0.0,0,4803.7,4803.7,189,2
111,65,SEGUROS Y CONCIERGE MEDICOS,30,SEGUROS Y CONCIERGE MEDICOS,1,1.0,4192.32,0,0.0,0,4192.32,4192.32,177,2
99,58,SEGUROS Y CONCIERGE MEDICOS,30,SEGUROS Y CONCIERGE MEDICOS,1,1.0,4803.7,0,0.0,0,4803.7,4803.7,171,2
420,212,Iguala Fiscal,18,Iguala Fiscal,1,1.0,13653.55,0,0.0,0,13653.55,13653.55,68,1
95,56,SEGUROS Y CONCIERGE MEDICOS,30,SEGUROS Y CONCIERGE MEDICOS,1,1.0,4803.7,0,0.0,0,4803.7,4803.7,170,2
93,55,SEGUROS Y CONCIERGE MEDICOS,30,SEGUROS Y CONCIERGE MEDICOS,1,1.0,4803.7,0,0.0,0,4803.7,4803.7,169,2
90,54,SEGUROS Y CONCIERGE MEDICOS,30,SEGUROS Y CONCIERGE MEDICOS,1,1.0,5240.4,0,0.0,0,5240.4,5240.4,168,2
92,54,,,,0,1.0,0.0,0,0.0,0,0.0,0.0,168,2
86,52,SEGUROS Y CONCIERGE MEDICOS,30,SEGUROS Y CONCIERGE MEDICOS,1,1.0,4803.7,0,0.0,0,4803.7,4803.7,166,2
83,51,SEGUROS Y CONCIERGE MEDICOS,30,SEGUROS Y CONCIERGE MEDICOS,1,1.0,3755.62,0,0.0,0,3755.62,3755.62,165,2
85,51,,,,0,1.0,0.0,0,0.0,0,0.0,0.0,165,2
81,50,SEGUROS Y CONCIERGE MEDICOS,30,SEGUROS Y CONCIERGE MEDICOS,1,1.0,4803.7,0,0.0,0,4803.7,4803.7,164,2
79,49,SEGUROS Y CONCIERGE MEDICOS,30,SEGUROS Y CONCIERGE MEDICOS,1,1.0,4803.7,0,0.0,0,4803.7,4803.7,163,2
77,48,SEGUROS Y CONCIERGE MEDICOS,30,SEGUROS Y CONCIERGE MEDICOS,1,1.0,4803.7,0,0.0,0,4803.7,4803.7,162,2
469,48,[DISC] Descuento,2,[DISC] Descuento,1,1.0,-1310.1,0,-0.0,0,-1310.1,-1310.1,162,2
75,47,SEGUROS Y CONCIERGE MEDICOS,30,SEGUROS Y CONCIERGE MEDICOS,1,1.0,4803.7,0,0.0,0,4803.7,4803.7,161,2
72,46,SEGUROS Y CONCIERGE MEDICOS,30,SEGUROS Y CONCIERGE MEDICOS,1,1.0,6690.24,0,0.0,0,6690.24,6690.24,160,2
74,46,,,,0,1.0,0.0,0,0.0,0,0.0,0.0,160,2
70,44,SEGUROS Y CONCIERGE MEDICOS,30,SEGUROS Y CONCIERGE MEDICOS,1,1.0,4803.7,0,0.0,0,4803.7,4803.7,159,2
377,190,REPORTE DE IMPUESTO Y SEGURIDAD SOCIAL,41,REPORTE DE IMPUESTO Y SEGURIDAD SOCIAL,1,1.0,4803.7,0,0.0,0,4803.7,4803.7,91,1
68,43,SEGUROS Y CONCIERGE MEDICOS,30,SEGUROS Y CONCIERGE MEDICOS,1,1.0,7412.3,0,0.0,0,7412.3,7412.3,158,2
66,42,SEGUROS Y CONCIERGE MEDICOS,30,SEGUROS Y CONCIERGE MEDICOS,1,1.0,4803.7,0,0.0,0,4803.7,4803.7,157,2
63,41,SEGUROS Y CONCIERGE MEDICOS,30,SEGUROS Y CONCIERGE MEDICOS,1,1.0,4192.32,0,0.0,0,4192.32,4192.32,156,2
65,41,,,,0,1.0,0.0,0,0.0,0,0.0,0.0,156,2
61,40,SEGUROS Y CONCIERGE MEDICOS,30,SEGUROS Y CONCIERGE MEDICOS,1,1.0,4803.7,0,0.0,0,4803.7,4803.7,155,2
59,39,SEGUROS Y CONCIERGE MEDICOS,30,SEGUROS Y CONCIERGE MEDICOS,1,1.0,4008.91,0,0.0,0,4008.91,4008.91,154,2
349,38,SEGUROS Y CONCIERGE MEDICOS,30,SEGUROS Y CONCIERGE MEDICOS,1,1.0,4803.7,0,0.0,0,4803.7,4803.7,153,2
54,37,SEGUROS Y CONCIERGE MEDICOS,30,SEGUROS Y CONCIERGE MEDICOS,1,1.0,7292.89,0,0.0,0,7292.89,7292.89,152,2
56,37,,,,0,1.0,0.0,0,0.0,0,0.0,0.0,152,2
51,36,SEGUROS Y CONCIERGE MEDICOS,30,SEGUROS Y CONCIERGE MEDICOS,1,1.0,7259.7,0,0.0,0,7259.7,7259.7,151,2
53,36,,,,0,1.0,0.0,0,0.0,0,0.0,0.0,151,2
327,162,Iguala Fiscal,18,Iguala Fiscal,1,1.0,5153.06,0,0.0,0,5153.06,5153.06,74,1
329,162,,,,0,1.0,0.0,0,0.0,0,0.0,0.0,74,1
45,33,SEGUROS Y CONCIERGE MEDICOS,30,SEGUROS Y CONCIERGE MEDICOS,1,1.0,3056.9,0,0.0,0,3056.9,3056.9,150,2
42,32,SEGUROS Y CONCIERGE MEDICOS,30,SEGUROS Y CONCIERGE MEDICOS,1,1.0,10655.48,0,0.0,0,10655.48,10655.48,149,2
44,32,,,,0,1.0,0.0,0,0.0,0,0.0,0.0,149,2
38,31,SEGUROS Y CONCIERGE MEDICOS,30,SEGUROS Y CONCIERGE MEDICOS,1,1.0,4330.32,0,0.0,0,4330.32,4330.32,147,2
36,29,[SEGUROS Y CONCIERGE MEDICOS] SEGUROS Y CONCIERGE MEDICOS,30,SEGUROS Y CONCIERGE MEDICOS,1,1.0,4803.7,0,0.0,0,4803.7,4803.7,146,2
315,156,Iguala Fiscal,18,Iguala Fiscal,1,1.0,22879.59,0,0.0,0,22879.59,22879.59,18,1
34,28,[SEGUROS Y CONCIERGE MEDICOS] SEGUROS Y CONCIERGE MEDICOS,30,SEGUROS Y CONCIERGE MEDICOS,1,1.0,4180.97,0,0.0,0,4180.97,4180.97,145,2
32,27,[SEGUROS Y CONCIERGE MEDICOS] SEGUROS Y CONCIERGE MEDICOS,30,SEGUROS Y CONCIERGE MEDICOS,1,1.0,5532.99,0,0.0,0,5532.99,5532.99,144,2
21,22,Servicio de Seguros,31,Servicio de Seguros,1,1.0,4192.32,0,0.0,0,4192.32,4192.32,143,2
88,53,SEGUROS Y CONCIERGE MEDICOS,30,SEGUROS Y CONCIERGE MEDICOS,1,1.0,4803.7,0,0.0,0,4803.7,4803.7,167,2
19,20,Recurso de Reconsideración Servicios legales,32,Recurso de Reconsideración,1,1.0,34936.0,0,0.0,0,34936.0,34936.0,69,1
259,131,"Constitución de Empresa El servicio incluye:  Tramitación del nombre comercial y gestión de objeciones, de ser necesario.  Elaboración del Acta de Asamblea General Constitutiva, nómina de presencia y lista de suscriptores.  Elaboración de los Estatutos Sociales.  Gestión y obtención del Registro Mercantil.  Inscripción de la empresa ante la DGII (RNC).  Solicitud y habilitación de los primeros Comprobantes Fiscales (NCF).  Entrega de las credenciales y documentación generadas durante el proceso de constitución.",10,Constitución de Empresa,1,1.0,21835.0,20.0,4367.0,1,17468.0,17468.0,42,1
497,249,Servicio de Seguros,31,Servicio de Seguros,1,1.0,4192.32,0,0.0,0,4192.32,4192.32,244,2
499,249,[SEGUROS Y CONCIERGE MEDICOS] RECARGO,28,[SEGUROS Y CONCIERGE MEDICOS] RECARGO,1,1.0,419.23,0,0.0,0,419.23,419.23,244,2
345,175,SEGUROS Y CONCIERGE MEDICOS,30,SEGUROS Y CONCIERGE MEDICOS,1,1.0,7860.6,0,0.0,0,7860.6,7860.6,228,2
189,102,SEGUROS Y CONCIERGE MEDICOS,30,SEGUROS Y CONCIERGE MEDICOS,1,1.0,6916.45,0,0.0,0,6916.45,6916.45,211,2
191,102,,,,0,1.0,0.0,0,0.0,0,0.0,0.0,211,2
524,262,Gestión Laboral (Seguridad Social),11,Gestión Laboral (Seguridad Social),1,1.0,698.72,0,0.0,0,698.72,698.72,221,1
178,97,SEGUROS Y CONCIERGE MEDICOS,30,SEGUROS Y CONCIERGE MEDICOS,1,1.0,4803.7,0,0.0,0,4803.7,4803.7,207,2
336,168,Iguala Fiscal,18,Iguala Fiscal,1,1.0,30918.36,0,0.0,0,30918.36,30918.36,94,1
309,153,Iguala Fiscal,18,Iguala Fiscal,1,1.0,4367.0,0,0.0,0,4367.0,4367.0,121,1
299,148,Iguala Fiscal,18,Iguala Fiscal,1,1.0,6113.8,0,0.0,0,6113.8,6113.8,72,1
280,140,Cuenta de sistema anteriores,37,Cuenta de sistema anteriores,1,1.0,48037.0,0,0.0,0,48037.0,48037.0,64,1
281,140,,,,0,1.0,0.0,0,0.0,0,0.0,0.0,64,1
440,222,Iguala Fiscal,18,Iguala Fiscal,1,1.0,5153.06,0,0.0,0,5153.06,5153.06,69,1
123,71,SEGUROS Y CONCIERGE MEDICOS,30,SEGUROS Y CONCIERGE MEDICOS,1,1.0,4803.7,0,0.0,0,4803.7,4803.7,186,2
119,69,Servicio de Seguros,31,Servicio de Seguros,1,1.0,4803.7,0,0.0,0,4803.7,4803.7,185,2
115,67,SEGUROS Y CONCIERGE MEDICOS,30,SEGUROS Y CONCIERGE MEDICOS,1,1.0,4803.7,0,0.0,0,4803.7,4803.7,178,2
107,63,SEGUROS Y CONCIERGE MEDICOS,30,SEGUROS Y CONCIERGE MEDICOS,1,1.0,4803.7,0,0.0,0,4803.7,4803.7,175,2
418,211,Iguala Fiscal,18,Iguala Fiscal,1,1.0,13652.99,0,0.0,0,13652.99,13652.99,68,1
375,189,REPORTE DE IMPUESTO Y SEGURIDAD SOCIAL,41,REPORTE DE IMPUESTO Y SEGURIDAD SOCIAL,1,1.0,4803.7,0,0.0,0,4803.7,4803.7,91,1
49,35,SEGUROS Y CONCIERGE MEDICOS,30,SEGUROS Y CONCIERGE MEDICOS,1,1.0,4803.7,0,0.0,0,4803.7,4803.7,151,2
325,161,Iguala Fiscal,18,Iguala Fiscal,1,1.0,5153.06,0,0.0,0,5153.06,5153.06,74,1
313,155,Iguala Fiscal,18,Iguala Fiscal,1,1.0,22879.67,0,0.0,0,22879.67,22879.67,18,1
253,129,Iguala Contable,36,Iguala Contable,1,18000.0,0.87,0,0.0,0,15721.2,15721.2,51,1
522,261,Gestión Laboral (Seguridad Social),11,Gestión Laboral (Seguridad Social),1,1.0,698.72,0,0.0,0,698.72,698.72,221,1
307,152,Iguala Fiscal,18,Iguala Fiscal,1,1.0,4367.0,0,0.0,0,4367.0,4367.0,121,1
295,146,Iguala Fiscal,18,Iguala Fiscal,1,1.0,6113.8,0,0.0,0,6113.8,6113.8,72,1
438,221,Iguala Fiscal,18,Iguala Fiscal,1,1.0,5153.06,0,0.0,0,5153.06,5153.06,69,1
416,210,Iguala Fiscal,18,Iguala Fiscal,1,1.0,13653.55,0,0.0,0,13653.55,13653.55,68,1
373,188,REPORTE DE IMPUESTO Y SEGURIDAD SOCIAL,41,REPORTE DE IMPUESTO Y SEGURIDAD SOCIAL,1,1.0,4803.7,0,0.0,0,4803.7,4803.7,91,1
323,160,Iguala Fiscal,18,Iguala Fiscal,1,1.0,5153.06,0,0.0,0,5153.06,5153.06,74,1
47,34,SEGUROS Y CONCIERGE MEDICOS,30,SEGUROS Y CONCIERGE MEDICOS,1,1.0,7259.7,0,0.0,0,7259.7,7259.7,151,2
520,260,Gestión Laboral (Seguridad Social),11,Gestión Laboral (Seguridad Social),1,1.0,698.72,0,0.0,0,698.72,698.72,221,1
305,151,Iguala Fiscal,18,Iguala Fiscal,1,1.0,4367.0,0,0.0,0,4367.0,4367.0,121,1
290,144,Iguala Fiscal,18,Iguala Fiscal,1,1.0,6113.8,0,0.0,0,6113.8,6113.8,72,1
436,220,Iguala Fiscal,18,Iguala Fiscal,1,1.0,5153.06,0,0.0,0,5153.06,5153.06,69,1
414,209,Iguala Fiscal,18,Iguala Fiscal,1,1.0,13653.55,0,0.0,0,13653.55,13653.55,68,1
371,187,REPORTE DE IMPUESTO Y SEGURIDAD SOCIAL,41,REPORTE DE IMPUESTO Y SEGURIDAD SOCIAL,1,1.0,4803.7,0,0.0,0,4803.7,4803.7,91,1
321,159,Iguala Fiscal,18,Iguala Fiscal,1,1.0,5153.06,0,0.0,0,5153.06,5153.06,74,1
250,128,CONTABILIDAD FISCAL,35,CONTABILIDAD FISCAL,1,1.0,26202.0,0,0.0,0,26202.0,30918.36,94,1
518,259,Gestión Laboral (Seguridad Social),11,Gestión Laboral (Seguridad Social),1,1.0,698.72,0,0.0,0,698.72,698.72,221,1
297,147,Iguala Fiscal,18,Iguala Fiscal,1,1.0,6113.8,0,0.0,0,6113.8,6113.8,72,1
303,150,Iguala Fiscal,18,Iguala Fiscal,1,1.0,4367.0,0,0.0,0,4367.0,4367.0,121,1
434,219,Iguala Fiscal,18,Iguala Fiscal,1,1.0,5153.06,0,0.0,0,5153.06,5153.06,69,1
444,219,Declaración jurada,43,Declaración jurada,1,1.0,17468.0,0,0.0,0,17468.0,17468.0,69,1
412,208,Iguala Fiscal,18,Iguala Fiscal,1,1.0,13653.55,0,0.0,0,13653.55,13653.55,68,1
369,186,REPORTE DE IMPUESTO Y SEGURIDAD SOCIAL,41,REPORTE DE IMPUESTO Y SEGURIDAD SOCIAL,1,1.0,4803.7,0,0.0,0,4803.7,4803.7,91,1
319,158,Iguala Fiscal,18,Iguala Fiscal,1,1.0,5153.06,0,0.0,0,5153.06,5153.06,74,1
516,258,Gestión Laboral (Seguridad Social),11,Gestión Laboral (Seguridad Social),1,1.0,698.72,0,0.0,0,698.72,698.72,221,1
432,218,Iguala Fiscal,18,Iguala Fiscal,1,1.0,5153.06,0,0.0,0,5153.06,5153.06,69,1
410,207,Iguala Fiscal,18,Iguala Fiscal,1,1.0,13653.55,0,0.0,0,13653.55,13653.55,68,1
365,184,REPORTE DE IMPUESTO Y SEGURIDAD SOCIAL,41,REPORTE DE IMPUESTO Y SEGURIDAD SOCIAL,1,1.0,4803.7,0,0.0,0,4803.7,4803.7,91,1
514,257,Gestión Laboral (Seguridad Social),11,Gestión Laboral (Seguridad Social),1,1.0,698.72,0,0.0,0,698.72,698.72,221,1
430,217,Iguala Fiscal,18,Iguala Fiscal,1,1.0,5153.06,0,0.0,0,5153.06,5153.06,69,1
408,206,Iguala Fiscal,18,Iguala Fiscal,1,1.0,13653.55,0,0.0,0,13653.55,13653.55,68,1
364,183,REPORTE DE IMPUESTO Y SEGURIDAD SOCIAL,41,REPORTE DE IMPUESTO Y SEGURIDAD SOCIAL,1,1.0,4803.7,0,0.0,0,4803.7,4803.7,91,1
512,256,Gestión Laboral (Seguridad Social),11,Gestión Laboral (Seguridad Social),1,1.0,698.72,0,0.0,0,698.72,698.72,221,1
428,216,Iguala Fiscal,18,Iguala Fiscal,1,1.0,5153.06,0,0.0,0,5153.06,5153.06,69,1
406,205,Iguala Fiscal,18,Iguala Fiscal,1,1.0,13653.55,0,0.0,0,13653.55,13653.55,68,1
360,182,REPORTE DE IMPUESTO Y SEGURIDAD SOCIAL,41,REPORTE DE IMPUESTO Y SEGURIDAD SOCIAL,1,1.0,4803.7,0,0.0,0,4803.7,4803.7,91,1
510,255,Gestión Laboral (Seguridad Social),11,Gestión Laboral (Seguridad Social),1,1.0,698.72,0,0.0,0,698.72,698.72,221,1
508,254,Gestión Laboral (Seguridad Social),11,Gestión Laboral (Seguridad Social),1,1.0,698.72,0,0.0,0,698.72,698.72,221,1
506,253,Gestión Laboral (Seguridad Social),11,Gestión Laboral (Seguridad Social),1,1.0,698.72,0,0.0,0,698.72,698.72,221,1
504,252,Gestión Laboral (Seguridad Social),11,Gestión Laboral (Seguridad Social),1,1.0,698.72,0,0.0,0,698.72,698.72,221,1
402,203,Iguala Fiscal,18,Iguala Fiscal,1,8.0,13653.55,0,0.0,0,109228.38,109228.38,68,1
424,214,Iguala Fiscal,18,Iguala Fiscal,1,10.0,5153.06,0,0.0,0,51530.6,51530.6,69,1
