id_cobro,id_factura,fecha_cobro,fecha_factura,dias_hasta_cobro,es_anticipo,valido_para_promedio,factura_migrada
93,336,2026-09-10,2026-09-01,9,0,1,0
92,331,2026-09-09,2026-08-05,35,0,1,1
89,29,2026-09-08,2026-08-01,38,0,1,1
88,327,2026-09-08,2026-09-01,7,0,1,0
86,323,2026-09-07,2026-09-01,6,0,1,0
87,325,2026-09-07,2026-09-01,6,0,1,0
83,40,2026-09-04,2026-08-01,34,0,1,1
82,316,2026-09-04,2026-09-01,3,0,1,0
85,154,2026-09-04,2026-08-01,34,0,1,1
85,153,2026-09-04,2026-07-01,65,0,1,0
85,152,2026-09-04,2026-06-01,95,0,1,0
85,151,2026-09-04,2026-05-01,126,0,1,0
85,150,2026-09-04,2026-04-01,156,0,1,0
84,149,2026-09-04,2026-08-01,34,0,1,1
84,148,2026-09-04,2026-07-01,65,0,1,0
84,146,2026-09-04,2026-06-01,95,0,1,0
84,144,2026-09-04,2026-05-01,126,0,1,0
84,147,2026-09-04,2026-04-01,156,0,1,0
81,312,2026-09-03,2026-09-01,2,0,1,0
80,83,2026-09-03,2026-08-01,33,0,1,1
77,81,2026-09-02,2026-08-01,32,0,1,1
78,106,2026-09-02,2026-09-01,1,0,1,0
79,137,2026-09-02,2026-08-01,32,0,1,1
76,92,2026-09-01,2026-08-01,31,0,1,1
75,33,2026-09-01,2026-08-01,31,0,1,1
74,98,2026-09-01,2026-08-01,31,0,1,1
73,89,2026-08-31,2026-08-01,30,0,1,1
72,39,2026-08-31,2026-08-01,30,0,1,1
71,292,2026-08-31,2026-08-01,30,0,1,1
70,44,2026-08-31,2026-08-01,30,0,1,1
69,51,2026-08-31,2026-08-01,30,0,1,1
68,25,2026-08-31,2026-09-01,-1,1,0,0
67,82,2026-08-31,2026-08-01,30,0,1,1
66,50,2026-08-31,2026-08-01,30,0,1,1
65,285,2026-08-31,2026-09-01,-1,1,0,0
64,31,2026-08-31,2026-08-01,30,0,1,1
63,91,2026-08-28,2026-08-01,27,0,1,1
62,100,2026-08-27,2026-08-01,26,0,1,1
61,84,2026-08-27,2026-08-01,26,0,1,1
59,55,2026-08-26,2026-08-01,25,0,1,1
60,52,2026-08-26,2026-08-01,25,0,1,1
58,277,2026-08-26,2026-09-01,-6,1,0,0
57,37,2026-08-25,2026-08-01,24,0,1,1
55,47,2026-08-25,2026-08-01,24,0,1,1
56,192,2026-08-25,2026-08-13,12,0,1,1
50,42,2026-08-24,2026-08-01,23,0,1,1
54,197,2026-08-24,2026-08-01,23,0,1,1
53,131,2026-08-24,2026-07-27,28,0,1,0
52,266,2026-08-24,2026-08-21,3,0,1,1
51,269,2026-08-24,2026-08-24,0,0,1,1
49,56,2026-08-21,2026-08-01,20,0,1,1
48,249,2026-08-21,2026-07-01,51,0,1,0
47,94,2026-08-20,2026-09-01,-12,1,0,0
42,87,2026-08-19,2026-08-01,18,0,1,1
46,93,2026-08-19,2026-08-01,18,0,1,1
45,46,2026-08-19,2026-08-01,18,0,1,1
44,43,2026-08-19,2026-08-01,18,0,1,1
43,242,2026-08-19,2026-08-01,18,0,1,1
39,27,2026-08-18,2026-08-01,17,0,1,1
40,48,2026-08-18,2026-08-01,17,0,1,1
41,239,2026-08-18,2026-08-18,0,0,1,1
32,54,2026-08-17,2026-08-01,16,0,1,1
34,162,2026-08-17,2026-08-01,16,0,1,1
36,160,2026-08-17,2026-06-01,77,0,1,0
35,161,2026-08-17,2026-07-01,47,0,1,0
33,226,2026-08-17,2026-08-14,3,0,1,1
31,156,2026-08-15,2026-08-01,14,0,1,1
25,102,2026-08-14,2026-07-01,44,0,1,0
23,41,2026-08-14,2026-08-01,13,0,1,1
27,196,2026-08-14,2026-08-14,0,0,1,1
21,85,2026-08-13,2026-08-01,12,0,1,1
22,193,2026-08-13,2026-08-13,0,0,1,1
20,38,2026-08-10,2026-08-01,9,0,1,1
18,38,2026-08-10,2026-08-01,9,0,1,1
94,103,2026-08-10,2026-08-01,9,0,1,1
19,175,2026-08-10,2026-07-01,40,0,1,0
17,97,2026-08-06,2026-07-01,36,0,1,0
16,80,2026-08-06,2026-08-01,5,0,1,1
15,90,2026-08-06,2026-08-01,5,0,1,1
90,331,2026-08-05,2026-08-05,0,0,1,1
91,331,2026-08-05,2026-08-05,0,0,1,1
14,129,2026-08-05,2026-07-01,35,0,1,0
13,77,2026-08-04,2026-08-01,3,0,1,1
12,75,2026-08-04,2026-08-01,3,0,1,1
10,71,2026-08-03,2026-07-01,33,0,1,0
9,69,2026-08-03,2026-07-01,33,0,1,0
8,67,2026-08-03,2026-07-01,33,0,1,0
7,65,2026-08-03,2026-08-01,2,0,1,1
6,63,2026-08-03,2026-07-01,33,0,1,0
11,73,2026-08-03,2026-08-03,0,0,1,1
5,32,2026-07-31,2026-08-01,-1,1,0,1
29,20,2026-07-30,2026-07-29,1,0,1,0
4,58,2026-07-30,2026-08-01,-2,1,0,1
3,25,2026-07-28,2026-09-01,-35,1,0,0
2,22,2026-07-28,2026-08-01,-4,1,0,1
30,131,2026-07-27,2026-07-27,0,0,1,0
24,131,2026-07-27,2026-07-27,0,0,1,0
37,159,2026-05-28,2026-05-01,27,0,1,0
38,158,2026-05-28,2026-04-01,57,0,1,0
26,203,2026-02-11,2025-05-05,282,0,1,0
28,214,2025-02-28,2025-03-01,-1,1,0,0
